Name,Sex
Aamir,B
Aaron,B
Abbey,B
Abbie,B
Abbot,B
Abbott,B
Abby,B
Abdel,B
Abdul,B
Abdulkarim,B
Abdullah,B
Abe,B
Abel,B
Abelard,B
Abner,B
Abraham,B
Abram,B
Ace,B
Adair,B
Adam,B
Adams,B
Addie,B
Adger,B
Aditya,B
Adlai,B
Adnan,B
Adolf,B
Adolfo,B
Adolph,B
Adolphe,B
Adolpho,B
Adolphus,B
Adrian,B
Adrick,B
Adrien,B
Agamemnon,B
Aguinaldo,B
Aguste,B
Agustin,B
Aharon,B
Ahmad,B
Ahmed,B
Ahmet,B
Ajai,B
Ajay,B
Al,B
Alaa,B
Alain,B
Alan,B
Alasdair,B
Alastair,B
Albatros,B
Albert,B
Alberto,B
Albrecht,B
Alden,B
Aldis,B
Aldo,B
Aldric,B
Aldrich,B
Aldus,B
Aldwin,B
Alec,B
Aleck,B
Alejandro,B
Aleks,B
Aleksandrs,B
Alessandro,B
Alex,B
Alexander,B
Alexei,B
Alexis,B
Alf,B
Alfie,B
Alfonse,B
Alfonso,B
Alfonzo,B
Alford,B
Alfred,B
Alfredo,B
Algernon,B
Ali,B
Alic,B
Alister,B
Alix,B
Allah,B
Allan,B
Allen,B
Alley,B
Allie,B
Allin,B
Allyn,B
Alonso,B
Alonzo,B
Aloysius,B
Alphonse,B
Alphonso,B
Alston,B
Alton,B
Alvin,B
Alwin,B
Amadeus,B
Ambros,B
Ambrose,B
Ambrosi,B
Ambrosio,B
Ambrosius,B
Amery,B
Amory,B
Amos,B
Anatol,B
Anatole,B
Anatollo,B
Anatoly,B
Anders,B
Andie,B
Andonis,B
Andre,B
Andrea,B
Andreas,B
Andrej,B
Andres,B
Andrew,B
Andrey,B
Andri,B
Andros,B
Andrus,B
Andrzej,B
Andy,B
Angel,B
Angelico,B
Angelo,B
Angie,B
Angus,B
Ansel,B
Ansell,B
Anselm,B
Anson,B
Anthony,B
Antin,B
Antoine,B
Anton,B
Antone,B
Antoni,B
Antonin,B
Antonino,B
Antonio,B
Antonius,B
Antony,B
Anurag,B
Apollo,B
Apostolos,B
Aram,B
Archibald,B
Archibold,B
Archie,B
Archon,B
Archy,B
Arel,B
Ari,B
Arie,B
Ariel,B
Aristotle,B
Arlo,B
Armand,B
Armando,B
Armond,B
Armstrong,B
Arne,B
Arnie,B
Arnold,B
Arnoldo,B
Aron,B
Arron,B
Art,B
Arther,B
Arthur,B
Artie,B
Artur,B
Arturo,B
Arvie,B
Arvin,B
Arvind,B
Arvy,B
Ash,B
Ashby,B
Ashish,B
Ashley,B
Ashton,B
Aub,B
Aube,B
Aubert,B
Aubrey,B
Augie,B
August,B
Augustin,B
Augustine,B
Augusto,B
Augustus,B
Austen,B
Austin,B
Ave,B
Averell,B
Averil,B
Averill,B
Avery,B
Avi,B
Avraham,B
Avram,B
Avrom,B
Axel,B
Aylmer,B
Aziz,B
Bailey,B
Bailie,B
Baillie,B
Baily,B
Baird,B
Baldwin,B
Bancroft,B
Barbabas,B
Barclay,B
Bard,B
Barde,B
Barn,B
Barnabas,B
Barnabe,B
Barnaby,B
Barnard,B
Barnebas,B
Barnett,B
Barney,B
Barnie,B
Barny,B
Baron,B
Barr,B
Barret,B
Barrett,B
Barri,B
Barrie,B
Barris,B
Barron,B
Barry,B
Bart,B
Bartel,B
Barth,B
Barthel,B
Bartholemy,B
Bartholomeo,B
Bartholomeus,B
Bartholomew,B
Bartie,B
Bartlet,B
Bartlett,B
Bartolemo,B
Bartolomei,B
Bartolomeo,B
Barton,B
Barty,B
Bary,B
Basil,B
Batholomew,B
Baxter,B
Bay,B
Bayard,B
Beale,B
Bealle,B
Bear,B
Bearnard,B
Beau,B
Beaufort,B
Beauregard,B
Beck,B
Bela,B
Ben,B
Benedict,B
Bengt,B
Benito,B
Benjamen,B
Benjamin,B
Benji,B
Benjie,B
Benjy,B
Benn,B
Bennet,B
Bennett,B
Bennie,B
Benny,B
Benson,B
Bentley,B
Benton,B
Beowulf,B
Berchtold,B
Berk,B
Berke,B
Berkeley,B
Berkie,B
Berkley,B
Bernard,B
Bernardo,B
Bernd,B
Bernhard,B
Bernie,B
Bert,B
Bertie,B
Bertram,B
Bertrand,B
Bharat,B
Biff,B
Bill,B
Billie,B
Billy,B
Bing,B
Binky,B
Bishop,B
Bjorn,B
Bjorne,B
Blaine,B
Blair,B
Blake,B
Blare,B
Blayne,B
Bo,B
Bob,B
Bobbie,B
Bobby,B
Bogart,B
Bogdan,B
Boniface,B
Boris,B
Boyce,B
Boyd,B
Brad,B
Braden,B
Bradford,B
Bradley,B
Bradly,B
Brady,B
Brandon,B
Brandy,B
Brant,B
Brendan,B
Brent,B
Bret,B
Brett,B
Brewer,B
Brewster,B
Brian,B
Brice,B
Briggs,B
Brinkley,B
Britt,B
Brock,B
Broddie,B
Broddy,B
Broderic,B
Broderick,B
Brodie,B
Brody,B
Bronson,B
Brook,B
Brooke,B
Brooks,B
Bruce,B
Bruno,B
Bryan,B
Bryant,B
Bryce,B
Bryn,B
Bryon,B
Bubba,B
Buck,B
Bucky,B
Bud,B
Buddy,B
Burgess,B
Burke,B
Burl,B
Burnaby,B
Burt,B
Burton,B
Buster,B
Butch,B
Butler,B
Byram,B
Byron,B
Caesar,B
Cain,B
Cal,B
Caldwell,B
Caleb,B
Calhoun,B
Calvin,B
Cam,B
Cameron,B
Cammy,B
Carey,B
Carl,B
Carleigh,B
Carlie,B
Carlin,B
Carlo,B
Carlos,B
Carlton,B
Carlyle,B
Carmine,B
Carroll,B
Carson,B
Carsten,B
Carter,B
Cary,B
Caryl,B
Case,B
Casey,B
Caspar,B
Casper,B
Cass,B
Cat,B
Cecil,B
Cesar,B
Chad,B
Chadd,B
Chaddie,B
Chaddy,B
Chadwick,B
Chaim,B
Chalmers,B
Chan,B
Chance,B
Chancey,B
Chanderjit,B
Chandler,B
Chane,B
Chariot,B
Charles,B
Charleton,B
Charley,B
Charlie,B
Charlton,B
Chas,B
Chase,B
Chaunce,B
Chauncey,B
Che,B
Chelton,B
Chen,B
Chester,B
Cheston,B
Chet,B
Chev,B
Chevalier,B
Chevy,B
Chip,B
Chris,B
Chrissy,B
Christ,B
Christian,B
Christiano,B
Christie,B
Christof,B
Christofer,B
Christoph,B
Christophe,B
Christopher,B
Christorpher,B
Christos,B
Christy,B
Chrisy,B
Chuck,B
Churchill,B
Clair,B
Claire,B
Clancy,B
Clarance,B
Clare,B
Clarence,B
Clark,B
Clarke,B
Claude,B
Claudio,B
Claudius,B
Claus,B
Clay,B
Clayborn,B
Clayborne,B
Claybourne,B
Clayton,B
Cleland,B
Clem,B
Clemens,B
Clement,B
Clemente,B
Clemmie,B
Cletus,B
Cleveland,B
Cliff,B
Clifford,B
Clifton,B
Clint,B
Clinten,B
Clinton,B
Clive,B
Clyde,B
Cob,B
Cobb,B
Cobbie,B
Cobby,B
Cody,B
Colbert,B
Cole,B
Coleman,B
Colin,B
Collin,B
Collins,B
Conan,B
Connie,B
Connolly,B
Connor,B
Conrad,B
Conroy,B
Constantin,B
Constantine,B
Constantinos,B
Conway,B
Cooper,B
Corbin,B
Corby,B
Corey,B
Corky,B
Cornelius,B
Cornellis,B
Corrie,B
Cortese,B
Corwin,B
Cory,B
Cosmo,B
Costa,B
Courtney,B
Craig,B
Crawford,B
Creighton,B
Cris,B
Cristopher,B
Curt,B
Curtice,B
Curtis,B
Cy,B
Cyril,B
Cyrill,B
Cyrille,B
Cyrillus,B
Cyrus,B
Dabney,B
Daffy,B
Dale,B
Dallas,B
Dalton,B
Damian,B
Damien,B
Damon,B
Dan,B
Dana,B
Dane,B
Dani,B
Danie,B
Daniel,B
Dannie,B
Danny,B
Dante,B
Darby,B
Darcy,B
Daren,B
Darian,B
Darien,B
Darin,B
Dario,B
Darius,B
Darrel,B
Darrell,B
Darren,B
Darrick,B
Darrin,B
Darryl,B
Darth,B
Darwin,B
Daryl,B
Daryle,B
Dave,B
Davey,B
David,B
Davidde,B
Davide,B
Davidson,B
Davie,B
Davin,B
Davis,B
Davon,B
Davoud,B
Davy,B
Dawson,B
Dean,B
Deane,B
Del,B
Delbert,B
Dell,B
Delmar,B
Demetre,B
Demetri,B
Demetris,B
Demetrius,B
Demosthenis,B
Denis,B
Dennie,B
Dennis,B
Denny,B
Derby,B
Derek,B
Derick,B
Derk,B
Derrek,B
Derrick,B
Derrin,B
Derrol,B
Derron,B
Deryl,B
Desmond,B
Desmund,B
Devin,B
Devon,B
Dewey,B
Dewitt,B
Dexter,B
Dick,B
Dickey,B
Dickie,B
Diego,B
Dieter,B
Dietrich,B
Dillon,B
Dimitri,B
Dimitrios,B
Dimitris,B
Dimitrou,B
Dimitry,B
Dino,B
Dion,B
Dionis,B
Dionysus,B
Dirk,B
Dmitri,B
Dom,B
Domenic,B
Domenico,B
Dominic,B
Dominick,B
Dominique,B
Don,B
Donal,B
Donald,B
Donn,B
Donnie,B
Donny,B
Donovan,B
Dorian,B
Dory,B
Doug,B
Douggie,B
Dougie,B
Douglas,B
Douglass,B
Douglis,B
Dov,B
Doyle,B
Drake,B
Drew,B
Dru,B
Dryke,B
Duane,B
Dudley,B
Duffie,B
Duffy,B
Dugan,B
Duke,B
Dunc,B
Duncan,B
Dunstan,B
Durand,B
Durant,B
Durante,B
Durward,B
Dustin,B
Dwain,B
Dwaine,B
Dwane,B
Dwayne,B
Dwight,B
Dylan,B
Dyson,B
Earl,B
Earle,B
Easton,B
Eben,B
Ebeneser,B
Ebenezer,B
Eberhard,B
Ed,B
Eddie,B
Eddy,B
Edgar,B
Edgardo,B
Edie,B
Edmond,B
Edmund,B
Edouard,B
Edsel,B
Eduard,B
Eduardo,B
Edward,B
Edwin,B
Efram,B
Egbert,B
Ehud,B
Elbert,B
Elden,B
Eldon,B
Eli,B
Elias,B
Elihu,B
Elijah,B
Eliot,B
Eliott,B
Elisha,B
Elliot,B
Elliott,B
Ellis,B
Ellsworth,B
Ellwood,B
Elmer,B
Elmore,B
Elnar,B
Elric,B
Elroy,B
Elton,B
Elvin,B
Elvis,B
Elwin,B
Elwood,B
Elwyn,B
Ely,B
Emanuel,B
Emerson,B
Emery,B
Emil,B
Emile,B
Emilio,B
Emmanuel,B
Emmery,B
Emmet,B
Emmett,B
Emmit,B
Emmott,B
Emmy,B
Emory,B
Ender,B
Engelbart,B
Engelbert,B
Englebart,B
Englebert,B
Enoch,B
Enrico,B
Enrique,B
Ephraim,B
Ephram,B
Ephrayim,B
Ephrem,B
Er,B
Erasmus,B
Erastus,B
Erek,B
Erhard,B
Erhart,B
Eric,B
Erich,B
Erick,B
Erik,B
Erin,B
Erl,B
Ernest,B
Ernesto,B
Ernie,B
Ernst,B
Erny,B
Errol,B
Ervin,B
Erwin,B
Esau,B
Esme,B
Esteban,B
Ethan,B
Ethelbert,B
Ethelred,B
Etienne,B
Euclid,B
Eugen,B
Eugene,B
Eustace,B
Ev,B
Evan,B
Evelyn,B
Everard,B
Everett,B
Ewan,B
Ewart,B
Ez,B
Ezechiel,B
Ezekiel,B
Ezra,B
Fabian,B
Fabio,B
Fairfax,B
Farley,B
Fazeel,B
Federico,B
Felice,B
Felicio,B
Felipe,B
Felix,B
Ferd,B
Ferdie,B
Ferdinand,B
Ferdy,B
Fergus,B
Ferguson,B
Ferinand,B
Fernando,B
Fidel,B
Filbert,B
Filip,B
Filipe,B
Filmore,B
Finley,B
Finn,B
Fitz,B
Fitzgerald,B
Flem,B
Fleming,B
Flemming,B
Fletch,B
Fletcher,B
Flin,B
Flinn,B
Flint,B
Flipper,B
Florian,B
Floyd,B
Flynn,B
Fons,B
Fonsie,B
Fonz,B
Fonzie,B
Forbes,B
Ford,B
Forest,B
Forester,B
Forrest,B
Forrester,B
Forster,B
Foster,B
Fowler,B
Fox,B
Fran,B
Francesco,B
Francis,B
Francisco,B
Francois,B
Frank,B
Frankie,B
Franklin,B
Franklyn,B
Franky,B
Frans,B
Franz,B
Fraser,B
Frazier,B
Fred,B
Freddie,B
Freddy,B
Frederic,B
Frederich,B
Frederick,B
Frederico,B
Frederik,B
Fredric,B
Fredrick,B
Freeman,B
Freemon,B
Fremont,B
French,B
Friedric,B
Friedrich,B
Friedrick,B
Fritz,B
Fulton,B
Fyodor,B
Gabe,B
Gabriel,B
Gabriele,B
Gabriell,B
Gabriello,B
Gail,B
Gale,B
Galen,B
Gallagher,B
Gamaliel,B
Garcia,B
Garcon,B
Gardener,B
Gardiner,B
Gardner,B
Garey,B
Garfield,B
Garfinkel,B
Garold,B
Garp,B
Garret,B
Garrett,B
Garrot,B
Garrott,B
Garry,B
Garth,B
Garv,B
Garvey,B
Garvin,B
Garvy,B
Garwin,B
Garwood,B
Gary,B
Gaspar,B
Gasper,B
Gaston,B
Gav,B
Gaven,B
Gavin,B
Gavriel,B
Gay,B
Gayle,B
Gearard,B
Gene,B
Geo,B
Geof,B
Geoff,B
Geoffrey,B
Geoffry,B
Georg,B
George,B
Georges,B
Georgia,B
Georgie,B
Georgy,B
Gerald,B
Geraldo,B
Gerard,B
Gere,B
Gerhard,B
Gerhardt,B
Geri,B
Germaine,B
Gerold,B
Gerome,B
Gerrard,B
Gerri,B
Gerrit,B
Gerry,B
Gershom,B
Gershon,B
Giacomo,B
Gian,B
Giancarlo,B
Giavani,B
Gibb,B
Gideon,B
Giff,B
Giffard,B
Giffer,B
Giffie,B
Gifford,B
Giffy,B
Gil,B
Gilbert,B
Gilberto,B
Gilburt,B
Giles,B
Gill,B
Gilles,B
Ginger,B
Gino,B
Giordano,B
Giorgi,B
Giorgio,B
Giovanne,B
Giovanni,B
Giraldo,B
Giraud,B
Giuseppe,B
Glen,B
Glenn,B
Glynn,B
Godard,B
Godart,B
Goddard,B
Goddart,B
Godfree,B
Godfrey,B
Godfry,B
Godwin,B
Gomer,B
Gonzales,B
Gonzalo,B
Goober,B
Goose,B
Gordan,B
Gordie,B
Gordon,B
Grace,B
Grady,B
Graehme,B
Graeme,B
Graham,B
Graig,B
Grant,B
Granville,B
Greg,B
Gregg,B
Greggory,B
Gregor,B
Gregorio,B
Gregory,B
Gretchen,B
Griff,B
Griffin,B
Griffith,B
Griswold,B
Grove,B
Grover,B
Guido,B
Guillaume,B
Guillermo,B
Gunner,B
Gunter,B
Gunther,B
Gus,B
Gustaf,B
Gustav,B
Gustave,B
Gustavo,B
Gustavus,B
Guthrey,B
Guthrie,B
Guthry,B
Guy,B
Hadleigh,B
Hadley,B
Hadrian,B
Hagan,B
Hagen,B
Hailey,B
Hakeem,B
Hakim,B
Hal,B
Hale,B
Haleigh,B
Haley,B
Hall,B
Hallam,B
Halvard,B
Ham,B
Hamel,B
Hamid,B
Hamil,B
Hamilton,B
Hamish,B
Hamlen,B
Hamlet,B
Hamlin,B
Hammad,B
Hamnet,B
Han,B
Hanan,B
Hanford,B
Hank,B
Hannibal,B
Hans,B
Hans-Peter,B
Hansel,B
Hanson,B
Harald,B
Harcourt,B
Hari,B
Harlan,B
Harland,B
Harley,B
Harlin,B
Harman,B
Harmon,B
Harold,B
Harris,B
Harrison,B
Harrold,B
Harry,B
Hart,B
Hartley,B
Hartwell,B
Harv,B
Harvard,B
Harvey,B
Harvie,B
Harwell,B
Hasheem,B
Hashim,B
Haskel,B
Haskell,B
Hassan,B
Hastings,B
Hasty,B
Haven,B
Hayden,B
Haydon,B
Hayes,B
Hayward,B
Haywood,B
Hazel,B
Heath,B
Heathcliff,B
Hebert,B
Hector,B
Heinrich,B
Heinz,B
Helmuth,B
Henderson,B
Hendrick,B
Hendrik,B
Henri,B
Henrie,B
Henrik,B
Henrique,B
Henry,B
Herb,B
Herbert,B
Herbie,B
Herby,B
Hercule,B
Hercules,B
Herculie,B
Herman,B
Hermann,B
Hermon,B
Hermy,B
Hernando,B
Herold,B
Herrick,B
Herrmann,B
Hersch,B
Herschel,B
Hersh,B
Hershel,B
Herve,B
Hervey,B
Hew,B
Hewe,B
Hewet,B
Hewett,B
Hewie,B
Hewitt,B
Heywood,B
Hezekiah,B
Higgins,B
Hilary,B
Hilbert,B
Hill,B
Hillard,B
Hillary,B
Hillel,B
Hillery,B
Hilliard,B
Hilton,B
Hiralal,B
Hiram,B
Hiro,B
Hirsch,B
Hobart,B
Hodge,B
Hogan,B
Hollis,B
Holly,B
Homer,B
Horace,B
Horacio,B
Horatio,B
Horatius,B
Horst,B
Howard,B
Howie,B
Hoyt,B
Hubert,B
Hudson,B
Huey,B
Hugh,B
Hugo,B
Humbert,B
Humphrey,B
Hunt,B
Hunter,B
Huntington,B
Huntlee,B
Huntley,B
Hurley,B
Husain,B
Husein,B
Hussein,B
Hy,B
Hyatt,B
Hyman,B
Hymie,B
Iago,B
Iain,B
Ian,B
Ibrahim,B
Ichabod,B
Iggie,B
Iggy,B
Ignace,B
Ignacio,B
Ignacius,B
Ignatius,B
Ignaz,B
Ignazio,B
Igor,B
Ike,B
Ikey,B
Immanuel,B
Ingamar,B
Ingelbert,B
Ingemar,B
Inglebert,B
Ingmar,B
Ingram,B
Inigo,B
Ira,B
Irvin,B
Irvine,B
Irving,B
Irwin,B
Isa,B
Isaac,B
Isaak,B
Isador,B
Isadore,B
Isaiah,B
Ishmael,B
Isidore,B
Ismail,B
Israel,B
Istvan,B
Ivan,B
Ivor,B
Izaak,B
Izak,B
Izzy,B
Jabez,B
Jack,B
Jackie,B
Jackson,B
Jacob,B
Jacques,B
Jae,B
Jaime,B
Jake,B
Jakob,B
James,B
Jameson,B
Jamey,B
Jamie,B
Jan,B
Janos,B
Janus,B
Jared,B
Jarrett,B
Jarvis,B
Jason,B
Jasper,B
Javier,B
Jay,B
Jean,B
Jean-Christophe,B
Jean-Francois,B
Jean-Lou,B
Jean-Luc,B
Jean-Marc,B
Jean-Paul,B
Jean-Pierre,B
Jeb,B
Jed,B
Jedediah,B
Jef,B
Jeff,B
Jefferey,B
Jefferson,B
Jeffery,B
Jeffie,B
Jeffrey,B
Jeffry,B
Jefry,B
Jehu,B
Jennings,B
Jens,B
Jephthah,B
Jerald,B
Jeramie,B
Jere,B
Jereme,B
Jeremiah,B
Jeremias,B
Jeremie,B
Jeremy,B
Jermain,B
Jermaine,B
Jermayne,B
Jerold,B
Jerome,B
Jeromy,B
Jerri,B
Jerrie,B
Jerrold,B
Jerrome,B
Jerry,B
Jervis,B
Jerzy,B
Jess,B
Jesse,B
Jessee,B
Jessey,B
Jessie,B
Jesus,B
Jeth,B
Jethro,B
Jim,B
Jimbo,B
Jimmie,B
Jimmy,B
Jo,B
Joab,B
Joachim,B
Joao,B
Joaquin,B
Job,B
Jock,B
Jodi,B
Jodie,B
Jody,B
Joe,B
Joel,B
Joey,B
Johan,B
Johann,B
Johannes,B
John,B
John-David,B
John-Patrick,B
Johnathan,B
Johnathon,B
Johnnie,B
Johnny,B
Johny,B
Jon,B
Jonah,B
Jonas,B
Jonathan,B
Jonathon,B
Jonny,B
Jordan,B
Jordon,B
Jordy,B
Jorge,B
Jory,B
Jose,B
Josef,B
Joseph,B
Josephus,B
Josh,B
Joshua,B
Joshuah,B
Josiah,B
Jotham,B
Juan,B
Juanita,B
Jud,B
Judah,B
Judas,B
Judd,B
Jude,B
Judith,B
Judson,B
Judy,B
Juergen,B
Jule,B
Jules,B
Julian,B
Julie,B
Julio,B
Julius,B
Justin,B
Justis,B
Kaiser,B
Kaleb,B
Kalil,B
Kalle,B
Kalman,B
Kalvin,B
Kam,B
Kane,B
Kareem,B
Karel,B
Karim,B
Karl,B
Karsten,B
Kaspar,B
Keefe,B
Keenan,B
Keene,B
Keil,B
Keith,B
Kellen,B
Kelley,B
Kelly,B
Kelsey,B
Kelvin,B
Kelwin,B
Ken,B
Kendal,B
Kendall,B
Kendrick,B
Kenn,B
Kennedy,B
Kenneth,B
Kenny,B
Kent,B
Kenton,B
Kenyon,B
Kermie,B
Kermit,B
Kerry,B
Kevan,B
Kevin,B
Kim,B
Kimball,B
Kimmo,B
Kin,B
Kincaid,B
King,B
Kingsley,B
Kingsly,B
Kingston,B
Kip,B
Kirby,B
Kirk,B
Kit,B
Klaus,B
Klee,B
Knox,B
Konrad,B
Konstantin,B
Kory,B
Kostas,B
Kraig,B
Kris,B
Krishna,B
Kristian,B
Kristopher,B
Kristos,B
Kurt,B
Kurtis,B
Kyle,B
Laird,B
Lamar,B
Lambert,B
Lamont,B
Lance,B
Lancelot,B
Lane,B
Langston,B
Lanny,B
Larry,B
Lars,B
Laurance,B
Lauren,B
Laurence,B
Laurens,B
Laurent,B
Laurie,B
Lawerence,B
Lawrence,B
Lawson,B
Lawton,B
Lay,B
Layton,B
Lazar,B
Lazare,B
Lazaro,B
Lazarus,B
Lazlo,B
Lee,B
Lefty,B
Leif,B
Leigh,B
Leighton,B
Leland,B
Lem,B
Lemar,B
Lemmie,B
Lemmy,B
Lemuel,B
Len,B
Lenard,B
Lennie,B
Lenny,B
Leo,B
Leon,B
Leonard,B
Leonardo,B
Leonerd,B
Leonhard,B
Leonid,B
Leonidas,B
Leopold,B
Leroy,B
Les,B
Lesley,B
Leslie,B
Lester,B
Lev,B
Levi,B
Levin,B
Levon,B
Levy,B
Lew,B
Lewis,B
Lex,B
Liam,B
Lin,B
Lincoln,B
Lind,B
Lindsay,B
Lindsey,B
Lindy,B
Linoel,B
Linus,B
Lion,B
Lionel,B
Lionello,B
Llewellyn,B
Lloyd,B
Locke,B
Lockwood,B
Logan,B
Lon,B
Lonnie,B
Lonny,B
Loren,B
Lorenzo,B
Lorne,B
Lorrie,B
Lothar,B
Lou,B
Louie,B
Louis,B
Lovell,B
Lowell,B
Lucas,B
Luce,B
Lucian,B
Luciano,B
Lucien,B
Lucio,B
Lucius,B
Ludvig,B
Ludwig,B
Luigi,B
Luis,B
Lukas,B
Luke,B
Luther,B
Lyle,B
Lyn,B
Lyndon,B
Lynn,B
Mac,B
Mace,B
Mack,B
Mackenzie,B
Maddie,B
Maddy,B
Madison,B
Magnum,B
Magnus,B
Mahesh,B
Mahmoud,B
Mahmud,B
Maison,B
Major,B
Malcolm,B
Manfred,B
Manish,B
Manny,B
Manuel,B
Marc,B
Marcel,B
Marcello,B
Marcellus,B
Marcelo,B
Marchall,B
Marcio,B
Marco,B
Marcos,B
Marcus,B
Marietta,B
Marilu,B
Mario,B
Marion,B
Marius,B
Mark,B
Marko,B
Markos,B
Markus,B
Marlin,B
Marlo,B
Marlon,B
Marlow,B
Marlowe,B
Marmaduke,B
Marsh,B
Marshal,B
Marshall,B
Mart,B
Martainn,B
Marten,B
Martie,B
Martin,B
Martino,B
Marty,B
Martyn,B
Marv,B
Marve,B
Marven,B
Marvin,B
Marwin,B
Mason,B
Mateo,B
Mathew,B
Mathias,B
Matias,B
Matt,B
Matteo,B
Matthaeus,B
Mattheus,B
Matthew,B
Matthias,B
Matthieu,B
Matthiew,B
Matthus,B
Mattias,B
Mattie,B
Matty,B
Maurice,B
Mauricio,B
Maurie,B
Maurise,B
Maurits,B
Mauritz,B
Maury,B
Max,B
Maxfield,B
Maxie,B
Maxim,B
Maximilian,B
Maximilien,B
Maxwell,B
Mayer,B
Maynard,B
Maynord,B
Mayor,B
Mead,B
Meade,B
Meier,B
Meir,B
Mel,B
Melvin,B
Melvyn,B
Menard,B
Mendel,B
Mendie,B
Meredeth,B
Meredith,B
Merell,B
Merill,B
Merle,B
Merlin,B
Merrel,B
Merrick,B
Merril,B
Merrill,B
Merry,B
Merv,B
Mervin,B
Merwin,B
Meryl,B
Meyer,B
Mic,B
Micah,B
Michael,B
Michail,B
Michal,B
Michale,B
Micheal,B
Micheil,B
Michel,B
Michele,B
Mick,B
Mickey,B
Mickie,B
Micky,B
Miguel,B
Mika,B
Mikael,B
Mike,B
Mikel,B
Mikey,B
Mikhail,B
Miles,B
Millicent,B
Milo,B
Milt,B
Milton,B
Mischa,B
Mitch,B
Mitchael,B
Mitchel,B
Mitchell,B
Moe,B
Mohamad,B
Mohamed,B
Mohammad,B
Mohammed,B
Mohan,B
Moise,B
Moises,B
Moishe,B
Monroe,B
Montague,B
Monte,B
Montgomery,B
Monty,B
Moore,B
Mordecai,B
Morgan,B
Morlee,B
Morley,B
Morly,B
Morrie,B
Morris,B
Morry,B
Morse,B
Mort,B
Morten,B
Mortie,B
Mortimer,B
Morton,B
Morty,B
Mose,B
Moses,B
Moshe,B
Moss,B
Muffin,B
Mugsy,B
Muhammad,B
Munmro,B
Munroe,B
Murdoch,B
Murdock,B
Murphy,B
Murray,B
Mustafa,B
Myke,B
Myles,B
Mylo,B
Myron,B
Nahum,B
Napoleon,B
Nat,B
Natale,B
Nate,B
Nathan,B
Nathanael,B
Nathanial,B
Nathaniel,B
Nathanil,B
Neal,B
Neale,B
Neall,B
Nealon,B
Nealson,B
Nealy,B
Ned,B
Neddie,B
Neddy,B
Neel,B
Neil,B
Nels,B
Nelsen,B
Nelson,B
Nero,B
Neron,B
Nester,B
Nestor,B
Nev,B
Nevil,B
Nevile,B
Neville,B
Nevin,B
Nevins,B
Newton,B
Niall,B
Niccolo,B
Nicholas,B
Nichole,B
Nichols,B
Nick,B
Nickey,B
Nickie,B
Nickolas,B
Nicky,B
Nico,B
Nicolas,B
Niels,B
Nigel,B
Niki,B
Nikita,B
Nikki,B
Nikolai,B
Nikos,B
Niles,B
Nils,B
Nilson,B
Niven,B
Noach,B
Noah,B
Noam,B
Noble,B
Noe,B
Noel,B
Nolan,B
Noland,B
Norbert,B
Norm,B
Norman,B
Normand,B
Normie,B
Norris,B
Northrop,B
Northrup,B
Norton,B
Norwood,B
Nunzio,B
Obadiah,B
Obadias,B
Oberon,B
Obie,B
Octavius,B
Odell,B
Odie,B
Odin,B
Odysseus,B
Olaf,B
Olag,B
Ole,B
Oleg,B
Olin,B
Oliver,B
Olivier,B
Olle,B
Ollie,B
Omar,B
Oral,B
Oran,B
Orazio,B
Orbadiah,B
Oren,B
Orin,B
Orion,B
Orlando,B
Orren,B
Orrin,B
Orson,B
Orton,B
Orville,B
Osbert,B
Osborn,B
Osborne,B
Osbourn,B
Osbourne,B
Oscar,B
Osgood,B
Osmond,B
Osmund,B
Ossie,B
Oswald,B
Oswell,B
Otes,B
Othello,B
Otho,B
Otis,B
Otto,B
Owen,B
Ozzie,B
Ozzy,B
Pablo,B
Pace,B
Paco,B
Paddie,B
Paddy,B
Padraig,B
Page,B
Paige,B
Pail,B
Palmer,B
Paolo,B
Park,B
Parke,B
Parker,B
Parnell,B
Parrnell,B
Parry,B
Parsifal,B
Partha,B
Pascal,B
Pascale,B
Pasquale,B
Pat,B
Pate,B
Patel,B
Paten,B
Patin,B
Paton,B
Patric,B
Patrice,B
Patricio,B
Patrick,B
Patrik,B
Patsy,B
Pattie,B
Patty,B
Paul,B
Paulo,B
Pavel,B
Pearce,B
Pedro,B
Peirce,B
Pembroke,B
Pen,B
Penn,B
Pennie,B
Penny,B
Penrod,B
Pepe,B
Pepillo,B
Pepito,B
Perceval,B
Percival,B
Percy,B
Perry,B
Pete,B
Peter,B
Petey,B
Petr,B
Peyter,B
Peyton,B
Phil,B
Philbert,B
Philip,B
Phillip,B
Phillipe,B
Phillipp,B
Phineas,B
Phip,B
Pierce,B
Pierre,B
Pierson,B
Piet,B
Pieter,B
Pietro,B
Piggy,B
Pincas,B
Pinchas,B
Pincus,B
Piotr,B
Pip,B
Plato,B
Pooh,B
Porter,B
Poul,B
Powell,B
Praneetf,B
Prasad,B
Prasun,B
Prent,B
Prentice,B
Prentiss,B
Prescott,B
Preston,B
Price,B
Prince,B
Pryce,B
Puff,B
Purcell,B
Putnam,B
Pyotr,B
Quent,B
Quentin,B
Quiggly,B
Quigly,B
Quigman,B
Quill,B
Quillan,B
Quincey,B
Quincy,B
Quinlan,B
Quinn,B
Quint,B
Quintin,B
Quinton,B
Quintus,B
Rab,B
Rabbi,B
Rabi,B
Rad,B
Radcliffe,B
Rafael,B
Rafe,B
Ragnar,B
Rahul,B
Raimund,B
Rainer,B
Raj,B
Rajeev,B
Raleigh,B
Ralf,B
Ralph,B
Ram,B
Ramesh,B
Ramon,B
Ramsay,B
Ramsey,B
Rand,B
Randal,B
Randall,B
Randell,B
Randi,B
Randie,B
Randolf,B
Randolph,B
Randy,B
Ransell,B
Ransom,B
Raoul,B
Raphael,B
Raul,B
Ravi,B
Ravil,B
Rawley,B
Ray,B
Raymond,B
Raymund,B
Raymundo,B
Raynard,B
Rayner,B
Raynor,B
Reagan,B
Red,B
Redford,B
Redmond,B
Reece,B
Reed,B
Rees,B
Reese,B
Reg,B
Regan,B
Regen,B
Reggie,B
Reggis,B
Reggy,B
Reginald,B
Reginauld,B
Reid,B
Reilly,B
Reinhard,B
Reinhold,B
Rem,B
Remington,B
Remus,B
Renado,B
Renaldo,B
Renard,B
Renato,B
Renaud,B
Renault,B
Rene,B
Reube,B
Reuben,B
Reuven,B
Rex,B
Rey,B
Reynard,B
Reynold,B
Reynolds,B
Reza,B
Rhett,B
Ric,B
Ricard,B
Ricardo,B
Riccardo,B
Rice,B
Rich,B
Richard,B
Richardo,B
Richie,B
Richmond,B
Richy,B
Rick,B
Rickard,B
Rickey,B
Ricki,B
Rickie,B
Ricky,B
Rik,B
Rikki,B
Riley,B
Rinaldo,B
Ripley,B
Ritch,B
Ritchie,B
Roarke,B
Rob,B
Robb,B
Robbert,B
Robbie,B
Robert,B
Roberto,B
Robin,B
Robinson,B
Rochester,B
Rock,B
Rockwell,B
Rocky,B
Rod,B
Rodd,B
Roddie,B
Roddy,B
Roderic,B
Roderich,B
Roderick,B
Roderigo,B
Rodge,B
Rodger,B
Rodney,B
Rodolfo,B
Rodolph,B
Rodolphe,B
Rodrick,B
Rodrigo,B
Rodrique,B
Rog,B
Roger,B
Rogers,B
Roice,B
Roland,B
Rolando,B
Rolf,B
Rolfe,B
Rolland,B
Rollin,B
Rollins,B
Rollo,B
Rolph,B
Romain,B
Roman,B
Romeo,B
Ron,B
Ronald,B
Ronen,B
Roni,B
Ronnie,B
Ronny,B
Roosevelt,B
Rory,B
Roscoe,B
Ross,B
Roth,B
Rourke,B
Rowland,B
Roy,B
Royal,B
Royce,B
Rube,B
Ruben,B
Rubin,B
Ruby,B
Rudd,B
Ruddie,B
Ruddy,B
Rudie,B
Rudiger,B
Rudolf,B
Rudolfo,B
Rudolph,B
Rudy,B
Rudyard,B
Rufe,B
Rufus,B
Rupert,B
Ruperto,B
Russ,B
Russel,B
Russell,B
Rustie,B
Rustin,B
Rusty,B
Rutger,B
Rutherford,B
Rutledge,B
Rutter,B
Ryan,B
Sal,B
Salem,B
Salim,B
Salman,B
Salmon,B
Salomo,B
Salomon,B
Salomone,B
Salvador,B
Salvatore,B
Salvidor,B
Sam,B
Sammie,B
Sammy,B
Sampson,B
Samson,B
Samuel,B
Samuele,B
Sancho,B
Sander,B
Sanders,B
Sanderson,B
Sandor,B
Sandro,B
Sandy,B
Sanford,B
Sanson,B
Sansone,B
Sarge,B
Sargent,B
Sascha,B
Sasha,B
Saul,B
Sauncho,B
Saunder,B
Saunders,B
Saunderson,B
Saundra,B
Saw,B
Sawyer,B
Sawyere,B
Sax,B
Saxe,B
Saxon,B
Say,B
Sayer,B
Sayers,B
Sayre,B
Sayres,B
Scarface,B
Schroeder,B
Schuyler,B
Scot,B
Scott,B
Scotti,B
Scottie,B
Scotty,B
Seamus,B
Sean,B
Sebastian,B
Sebastiano,B
Sebastien,B
See,B
Selby,B
Selig,B
Serge,B
Sergeant,B
Sergei,B
Sergent,B
Sergio,B
Seth,B
Seymour,B
Shadow,B
Shaine,B
Shalom,B
Shamus,B
Shanan,B
Shane,B
Shannan,B
Shannon,B
Shaughn,B
Shaun,B
Shaw,B
Shawn,B
Shay,B
Shayne,B
Shea,B
Sheff,B
Sheffie,B
Sheffield,B
Sheffy,B
Shelby,B
Shelden,B
Sheldon,B
Shell,B
Shelley,B
Shelton,B
Shem,B
Shep,B
Shepard,B
Shepherd,B
Sheppard,B
Shepperd,B
Sheridan,B
Sherlock,B
Sherlocke,B
Sherman,B
Sherwin,B
Sherwood,B
Sherwynd,B
Shimon,B
Shlomo,B
Sholom,B
Shorty,B
Shumeet,B
Shurlock,B
Shurlocke,B
Shurwood,B
Si,B
Sibyl,B
Sid,B
Siddhartha,B
Sidnee,B
Sidney,B
Siegfried,B
Siffre,B
Sig,B
Sigfrid,B
Sigfried,B
Sigmund,B
Silas,B
Silvain,B
Silvan,B
Silvano,B
Silvanus,B
Silvester,B
Silvio,B
Sim,B
Simeon,B
Simmonds,B
Simon,B
Simone,B
Sinclair,B
Sinclare,B
Sivert,B
Siward,B
Skell,B
Skelly,B
Skip,B
Skipp,B
Skipper,B
Skippie,B
Skippy,B
Skipton,B
Sky,B
Skye,B
Skylar,B
Skyler,B
Slade,B
Slim,B
Sloan,B
Sloane,B
Sly,B
Smith,B
Smitty,B
Socrates,B
Sol,B
Sollie,B
Solly,B
Solomon,B
Somerset,B
Son,B
Sonnie,B
Sonny,B
Sparky,B
Spence,B
Spencer,B
Spense,B
Spenser,B
Spike,B
Spiro,B
Spiros,B
Spud,B
Srinivas,B
Stacy,B
Staffard,B
Stafford,B
Staford,B
Stan,B
Standford,B
Stanfield,B
Stanford,B
Stanislaw,B
Stanleigh,B
Stanley,B
Stanly,B
Stanton,B
Stanwood,B
Stavros,B
Stearn,B
Stearne,B
Stefan,B
Stefano,B
Steffen,B
Stephan,B
Stephanus,B
Stephen,B
Sterling,B
Stern,B
Sterne,B
Steve,B
Steven,B
Stevie,B
Stevy,B
Stew,B
Steward,B
Stewart,B
Stig,B
Stillman,B
Stillmann,B
Sting,B
Stinky,B
Stirling,B
Stu,B
Stuart,B
Sturgis,B
Sullivan,B
Sully,B
Sumner,B
Sunny,B
Sutherland,B
Sutton,B
Sven,B
Swen,B
Syd,B
Sydney,B
Sylvan,B
Sylvester,B
Tab,B
Tabb,B
Tabbie,B
Tabby,B
Taber,B
Tabor,B
Tad,B
Tadd,B
Taddeo,B
Taddeus,B
Tadeas,B
Tailor,B
Tait,B
Taite,B
Talbert,B
Talbot,B
Tallie,B
Tally,B
Tam,B
Tamas,B
Tammie,B
Tammy,B
Tan,B
Tann,B
Tanner,B
Tanney,B
Tannie,B
Tanny,B
Tarrance,B
Tarrant,B
Tarzan,B
Tate,B
Taylor,B
Teador,B
Ted,B
Tedd,B
Teddie,B
Teddy,B
Tedie,B
Tedman,B
Tedmund,B
Tedrick,B
Temp,B
Temple,B
Templeton,B
Teodoor,B
Teodor,B
Teodorico,B
Teodoro,B
Terence,B
Terencio,B
Terrance,B
Terrel,B
Terrell,B
Terrence,B
Terri,B
Terrill,B
Terry,B
Thacher,B
Thad,B
Thaddeus,B
Thaddius,B
Thaddus,B
Thadeus,B
Thain,B
Thaine,B
Thane,B
Tharen,B
Thatch,B
Thatcher,B
Thaxter,B
Thayne,B
Thebault,B
Thedric,B
Thedrick,B
Theo,B
Theobald,B
Theodor,B
Theodore,B
Theodoric,B
Theophyllus,B
Thibaud,B
Thibaut,B
Thom,B
Thomas,B
Thor,B
Thorn,B
Thorndike,B
Thornie,B
Thornton,B
Thorny,B
Thorpe,B
Thorstein,B
Thorsten,B
Thorvald,B
Thurstan,B
Thurston,B
Tibold,B
Tiebold,B
Tiebout,B
Tiler,B
Tim,B
Timmie,B
Timmy,B
Timothee,B
Timotheus,B
Timothy,B
Tirrell,B
Tito,B
Titos,B
Titus,B
Tobe,B
Tobiah,B
Tobias,B
Tobie,B
Tobin,B
Tobit,B
Toby,B
Tod,B
Todd,B
Toddie,B
Toddy,B
Tom,B
Tomas,B
Tome,B
Tomkin,B
Tomlin,B
Tommie,B
Tommy,B
Tonnie,B
Tony,B
Tore,B
Torey,B
Torin,B
Torr,B
Torrance,B
Torre,B
Torrence,B
Torrey,B
Torrin,B
Torry,B
Town,B
Towney,B
Townie,B
Townsend,B
Towny,B
Trace,B
Tracey,B
Tracie,B
Tracy,B
Traver,B
Travers,B
Travis,B
Tray,B
Tre,B
Tremain,B
Tremaine,B
Tremayne,B
Trent,B
Trenton,B
Trev,B
Trevar,B
Trever,B
Trevor,B
Trey,B
Trip,B
Tristan,B
Troy,B
Truman,B
Tuck,B
Tucker,B
Tuckie,B
Tucky,B
Tudor,B
Tull,B
Tulley,B
Tully,B
Turner,B
Ty,B
Tybalt,B
Tye,B
Tyler,B
Tymon,B
Tymothy,B
Tynan,B
Tyrone,B
Tyrus,B
Tyson,B
Udale,B
Udall,B
Udell,B
Ugo,B
Ulberto,B
Uli,B
Ulick,B
Ulises,B
Ulric,B
Ulrich,B
Ulrick,B
Ulysses,B
Umberto,B
Upton,B
Urbain,B
Urban,B
Urbano,B
Urbanus,B
Uri,B
Uriah,B
Uriel,B
Urson,B
Vachel,B
Vaclav,B
Vail,B
Val,B
Valdemar,B
Vale,B
Valentin,B
Valentine,B
Van,B
Vance,B
Vasili,B
Vasilis,B
Vasily,B
Vassili,B
Vassily,B
Vaughan,B
Vaughn,B
Venkat,B
Verge,B
Vergil,B
Vern,B
Verne,B
Vernen,B
Verney,B
Vernon,B
Vernor,B
Vibhu,B
Vic,B
Vick,B
Victor,B
Vijay,B
Vilhelm,B
Vin,B
Vince,B
Vincent,B
Vincents,B
Vinnie,B
Vinny,B
Vinod,B
Virge,B
Virgie,B
Virgil,B
Virgilio,B
Vite,B
Vito,B
Vlad,B
Vladamir,B
Vladimir,B
Voltaire,B
Von,B
Wade,B
Wadsworth,B
Wain,B
Waine,B
Wainwright,B
Wait,B
Waite,B
Waiter,B
Wake,B
Wakefield,B
Wald,B
Waldemar,B
Walden,B
Waldo,B
Waldon,B
Waleed,B
Walker,B
Wallace,B
Wallache,B
Wallas,B
Wallie,B
Wallis,B
Wally,B
Walsh,B
Walt,B
Walter,B
Walther,B
Walton,B
Wang,B
Ward,B
Warde,B
Warden,B
Ware,B
Waring,B
Warner,B
Warren,B
Wash,B
Washington,B
Wat,B
Waverley,B
Waverly,B
Way,B
Waylan,B
Wayland,B
Waylen,B
Waylin,B
Waylon,B
Wayne,B
Web,B
Webb,B
Weber,B
Webster,B
Weidar,B
Weider,B
Welbie,B
Welby,B
Welch,B
Wells,B
Welsh,B
Wendall,B
Wendel,B
Wendell,B
Werner,B
Wes,B
Wesley,B
Weslie,B
West,B
Westbrook,B
Westbrooke,B
Westleigh,B
Westley,B
Weston,B
Weylin,B
Wheeler,B
Whit,B
Whitaker,B
Whitby,B
Whitman,B
Whitney,B
Whittaker,B
Wiatt,B
Wilber,B
Wilbert,B
Wilbur,B
Wilburn,B
Wilburt,B
Wilden,B
Wildon,B
Wilek,B
Wiley,B
Wilfred,B
Wilfrid,B
Wilhelm,B
Will,B
Willard,B
Willdon,B
Willem,B
Willey,B
Willi,B
William,B
Willie,B
Willis,B
Willmott,B
Willy,B
Wilmar,B
Wilmer,B
Wilson,B
Wilt,B
Wilton,B
Win,B
Windham,B
Winfield,B
Winford,B
Winfred,B
Winifield,B
Winn,B
Winnie,B
Winny,B
Winslow,B
Winston,B
Winthrop,B
Winton,B
Wit,B
Witold,B
Wittie,B
Witty,B
Wojciech,B
Wolf,B
Wolfgang,B
Wolfie,B
Wolfram,B
Wolfy,B
Woochang,B
Wood,B
Woodie,B
Woodman,B
Woodrow,B
Woody,B
Worden,B
Worth,B
Worthington,B
Worthy,B
Wright,B
Wyatan,B
Wyatt,B
Wye,B
Wylie,B
Wyn,B
Wyndham,B
Wynn,B
Wynton,B
Xavier,B
Xenos,B
Xerxes,B
Xever,B
Ximenes,B
Ximenez,B
Xymenes,B
Yaakov,B
Yacov,B
Yale,B
Yanaton,B
Yance,B
Yancey,B
Yancy,B
Yank,B
Yankee,B
Yard,B
Yardley,B
Yehudi,B
Yigal,B
Yule,B
Yuri,B
Yves,B
Zach,B
Zacharia,B
Zachariah,B
Zacharias,B
Zacharie,B
Zachary,B
Zacherie,B
Zachery,B
Zack,B
Zackariah,B
Zak,B
Zalman,B
Zane,B
Zared,B
Zary,B
Zeb,B
Zebadiah,B
Zebedee,B
Zebulen,B
Zebulon,B
Zechariah,B
Zed,B
Zedekiah,B
Zeke,B
Zelig,B
Zerk,B
Zeus,B
Zippy,B
Zollie,B
Zolly,B
Zorro,B
Abagael,G
Abagail,G
Abbe,G
Abbey,G
Abbi,G
Abbie,G
Abby,G
Abigael,G
Abigail,G
Abigale,G
Abra,G
Acacia,G
Ada,G
Adah,G
Adaline,G
Adara,G
Addie,G
Addis,G
Adel,G
Adela,G
Adelaide,G
Adele,G
Adelice,G
Adelina,G
Adelind,G
Adeline,G
Adella,G
Adelle,G
Adena,G
Adey,G
Adi,G
Adiana,G
Adina,G
Adora,G
Adore,G
Adoree,G
Adorne,G
Adrea,G
Adria,G
Adriaens,G
Adrian,G
Adriana,G
Adriane,G
Adrianna,G
Adrianne,G
Adrien,G
Adriena,G
Adrienne,G
Aeriel,G
Aeriela,G
Aeriell,G
Ag,G
Agace,G
Agata,G
Agatha,G
Agathe,G
Aggi,G
Aggie,G
Aggy,G
Agna,G
Agnella,G
Agnes,G
Agnese,G
Agnesse,G
Agneta,G
Agnola,G
Agretha,G
Aida,G
Aidan,G
Aigneis,G
Aila,G
Aile,G
Ailee,G
Aileen,G
Ailene,G
Ailey,G
Aili,G
Ailina,G
Ailyn,G
Aime,G
Aimee,G
Aimil,G
Aina,G
Aindrea,G
Ainslee,G
Ainsley,G
Ainslie,G
Ajay,G
Alaine,G
Alameda,G
Alana,G
Alanah,G
Alane,G
Alanna,G
Alayne,G
Alberta,G
Albertina,G
Albertine,G
Albina,G
Alecia,G
Aleda,G
Aleece,G
Aleecia,G
Aleen,G
Alejandra,G
Alejandrina,G
Alena,G
Alene,G
Alessandra,G
Aleta,G
Alethea,G
Alex,G
Alexa,G
Alexandra,G
Alexandrina,G
Alexi,G
Alexia,G
Alexina,G
Alexine,G
Alexis,G
Alfie,G
Alfreda,G
Ali,G
Alia,G
Alica,G
Alice,G
Alicea,G
Alicia,G
Alida,G
Alidia,G
Alina,G
Aline,G
Alis,G
Alisa,G
Alisha,G
Alison,G
Alissa,G
Alisun,G
Alix,G
Aliza,G
Alla,G
Alleen,G
Allegra,G
Allene,G
Alli,G
Allianora,G
Allie,G
Allina,G
Allis,G
Allison,G
Allissa,G
Allsun,G
Ally,G
Allyce,G
Allyn,G
Allys,G
Allyson,G
Alma,G
Almeda,G
Almeria,G
Almeta,G
Almira,G
Almire,G
Aloise,G
Aloisia,G
Aloysia,G
Alpa,G
Alta,G
Althea,G
Alvera,G
Alvina,G
Alvinia,G
Alvira,G
Alyce,G
Alyda,G
Alys,G
Alysa,G
Alyse,G
Alysia,G
Alyson,G
Alyss,G
Alyssa,G
Amabel,G
Amabelle,G
Amalea,G
Amalee,G
Amaleta,G
Amalia,G
Amalie,G
Amalita,G
Amalle,G
Amanda,G
Amandi,G
Amandie,G
Amandy,G
Amara,G
Amargo,G
Amata,G
Amber,G
Amberly,G
Ambrosia,G
Ambur,G
Ame,G
Amelia,G
Amelie,G
Amelina,G
Ameline,G
Amelita,G
Ami,G
Amie,G
Amity,G
Ammamaria,G
Amy,G
Ana,G
Anabel,G
Anabella,G
Anabelle,G
Anais,G
Analiese,G
Analise,G
Anallese,G
Anallise,G
Anastasia,G
Anastasie,G
Anastassia,G
Anatola,G
Andee,G
Andi,G
Andie,G
Andra,G
Andrea,G
Andreana,G
Andree,G
Andrei,G
Andria,G
Andriana,G
Andriette,G
Andromache,G
Andromeda,G
Andy,G
Anestassia,G
Anet,G
Anett,G
Anetta,G
Anette,G
Ange,G
Angel,G
Angela,G
Angele,G
Angelia,G
Angelica,G
Angelika,G
Angelina,G
Angeline,G
Angelique,G
Angelita,G
Angelle,G
Angie,G
Angil,G
Angy,G
Ania,G
Anica,G
Anissa,G
Anita,G
Anitra,G
Anja,G
Anjanette,G
Anjela,G
Ann,G
Ann-Mari,G
Ann-Marie,G
Anna,G
Anna-Diana,G
Anna-Diane,G
Anna-Maria,G
Annabal,G
Annabel,G
Annabela,G
Annabell,G
Annabella,G
Annabelle,G
Annadiana,G
Annadiane,G
Annalee,G
Annalena,G
Annaliese,G
Annalisa,G
Annalise,G
Annalyse,G
Annamari,G
Annamaria,G
Annamarie,G
Anne,G
Anne-Corinne,G
Anne-Mar,G
Anne-Marie,G
Annecorinne,G
Anneliese,G
Annelise,G
Annemarie,G
Annetta,G
Annette,G
Anni,G
Annice,G
Annie,G
Annissa,G
Annmaria,G
Annmarie,G
Annnora,G
Annora,G
Anny,G
Anselma,G
Ansley,G
Anstice,G
Anthe,G
Anthea,G
Anthia,G
Antoinette,G
Antonella,G
Antonetta,G
Antonia,G
Antonie,G
Antonietta,G
Antonina,G
Anya,G
Aphrodite,G
Appolonia,G
April,G
Aprilette,G
Ara,G
Arabel,G
Arabela,G
Arabele,G
Arabella,G
Arabelle,G
Arda,G
Ardath,G
Ardeen,G
Ardelia,G
Ardelis,G
Ardella,G
Ardelle,G
Arden,G
Ardene,G
Ardenia,G
Ardine,G
Ardis,G
Ardith,G
Ardra,G
Ardyce,G
Ardys,G
Ardyth,G
Aretha,G
Ariadne,G
Ariana,G
Arianne,G
Aridatha,G
Ariel,G
Ariela,G
Ariella,G
Arielle,G
Arlana,G
Arlee,G
Arleen,G
Arlen,G
Arlena,G
Arlene,G
Arleta,G
Arlette,G
Arleyne,G
Arlie,G
Arliene,G
Arlina,G
Arlinda,G
Arline,G
Arly,G
Arlyn,G
Arlyne,G
Aryn,G
Ashely,G
Ashlee,G
Ashleigh,G
Ashlen,G
Ashley,G
Ashli,G
Ashlie,G
Ashly,G
Asia,G
Astra,G
Astrid,G
Astrix,G
Atalanta,G
Athena,G
Athene,G
Atlanta,G
Atlante,G
Auberta,G
Aubine,G
Aubree,G
Aubrette,G
Aubrey,G
Aubrie,G
Aubry,G
Audi,G
Audie,G
Audra,G
Audre,G
Audrey,G
Audrie,G
Audry,G
Audrye,G
Audy,G
Augusta,G
Auguste,G
Augustina,G
Augustine,G
Aura,G
Aurea,G
Aurel,G
Aurelea,G
Aurelia,G
Aurelie,G
Auria,G
Aurie,G
Aurilia,G
Aurlie,G
Auroora,G
Aurora,G
Aurore,G
Austin,G
Austina,G
Austine,G
Ava,G
Aveline,G
Averil,G
Averyl,G
Avie,G
Avis,G
Aviva,G
Avivah,G
Avril,G
Avrit,G
Ayn,G
Bab,G
Babara,G
Babette,G
Babita,G
Babs,G
Bambi,G
Bambie,G
Bamby,G
Barb,G
Barbabra,G
Barbara,G
Barbara-Anne,G
Barbaraanne,G
Barbe,G
Barbee,G
Barbette,G
Barbey,G
Barbi,G
Barbie,G
Barbra,G
Barby,G
Bari,G
Barrie,G
Barry,G
Basia,G
Bathsheba,G
Batsheva,G
Bea,G
Beatrice,G
Beatrisa,G
Beatrix,G
Beatriz,G
Beau,G
Bebe,G
Becca,G
Becka,G
Becki,G
Beckie,G
Becky,G
Bee,G
Beilul,G
Beitris,G
Bekki,G
Bel,G
Belia,G
Belicia,G
Belinda,G
Belita,G
Bell,G
Bella,G
Bellamy,G
Bellanca,G
Belle,G
Bellina,G
Belva,G
Belvia,G
Bendite,G
Benedetta,G
Benedicta,G
Benedikta,G
Benetta,G
Benita,G
Benni,G
Bennie,G
Benny,G
Benoite,G
Berenice,G
Beret,G
Berget,G
Berna,G
Bernadene,G
Bernadette,G
Bernadina,G
Bernadine,G
Bernardina,G
Bernardine,G
Bernelle,G
Bernete,G
Bernetta,G
Bernette,G
Berni,G
Bernice,G
Bernie,G
Bernita,G
Berny,G
Berri,G
Berrie,G
Berry,G
Bert,G
Berta,G
Berte,G
Bertha,G
Berthe,G
Berti,G
Bertie,G
Bertina,G
Bertine,G
Berty,G
Beryl,G
Beryle,G
Bess,G
Bessie,G
Bessy,G
Beth,G
Bethanne,G
Bethany,G
Bethena,G
Bethina,G
Betsey,G
Betsy,G
Betta,G
Bette,G
Bette-Ann,G
Betteann,G
Betteanne,G
Betti,G
Bettie,G
Bettina,G
Bettine,G
Betty,G
Bettye,G
Beulah,G
Bev,G
Beverie,G
Beverlee,G
Beverlie,G
Beverly,G
Bevvy,G
Bianca,G
Bianka,G
Biddy,G
Bidget,G
Bill,G
Billi,G
Billie,G
Billy,G
Binni,G
Binnie,G
Binny,G
Bird,G
Birdie,G
Birgit,G
Birgitta,G
Blair,G
Blaire,G
Blake,G
Blakelee,G
Blakeley,G
Blanca,G
Blanch,G
Blancha,G
Blanche,G
Blinni,G
Blinnie,G
Blinny,G
Bliss,G
Blisse,G
Blithe,G
Blondell,G
Blondelle,G
Blondie,G
Blondy,G
Blythe,G
Bo,G
Bobbette,G
Bobbi,G
Bobbie,G
Bobby,G
Bobette,G
Bobina,G
Bobine,G
Bobinette,G
Bonita,G
Bonnee,G
Bonni,G
Bonnie,G
Bonny,G
Brana,G
Brandais,G
Brande,G
Brandea,G
Brandi,G
Brandice,G
Brandie,G
Brandise,G
Brandy,G
Brea,G
Breanne,G
Brear,G
Bree,G
Breena,G
Bren,G
Brena,G
Brenda,G
Brenn,G
Brenna,G
Brett,G
Bria,G
Briana,G
Brianna,G
Brianne,G
Bride,G
Bridget,G
Bridgett,G
Bridgette,G
Bridie,G
Brier,G
Brietta,G
Brigid,G
Brigida,G
Brigit,G
Brigitta,G
Brigitte,G
Brina,G
Briney,G
Briny,G
Brit,G
Brita,G
Britaney,G
Britani,G
Briteny,G
Britney,G
Britni,G
Britt,G
Britta,G
Brittan,G
Brittany,G
Britte,G
Brittney,G
Brook,G
Brooke,G
Brooks,G
Brunella,G
Brunhilda,G
Brunhilde,G
Bryana,G
Bryn,G
Bryna,G
Brynn,G
Brynna,G
Brynne,G
Buffy,G
Bunni,G
Bunnie,G
Bunny,G
Burta,G
Cabrina,G
Cacilia,G
Cacilie,G
Caitlin,G
Caitrin,G
Cal,G
Calida,G
Calla,G
Calley,G
Calli,G
Callida,G
Callie,G
Cally,G
Calypso,G
Cam,G
Camala,G
Camel,G
Camella,G
Camellia,G
Cameo,G
Cami,G
Camila,G
Camile,G
Camilla,G
Camille,G
Cammi,G
Cammie,G
Cammy,G
Canada,G
Candace,G
Candi,G
Candice,G
Candida,G
Candide,G
Candie,G
Candis,G
Candra,G
Candy,G
Cappella,G
Caprice,G
Cara,G
Caralie,G
Caren,G
Carena,G
Caresa,G
Caressa,G
Caresse,G
Carey,G
Cari,G
Caria,G
Carie,G
Caril,G
Carilyn,G
Carin,G
Carina,G
Carine,G
Cariotta,G
Carissa,G
Carita,G
Caritta,G
Carla,G
Carlee,G
Carleen,G
Carlen,G
Carlena,G
Carlene,G
Carley,G
Carli,G
Carlie,G
Carlin,G
Carlina,G
Carline,G
Carlisle,G
Carlita,G
Carlota,G
Carlotta,G
Carly,G
Carlye,G
Carlyn,G
Carlynn,G
Carlynne,G
Carma,G
Carmel,G
Carmela,G
Carmelia,G
Carmelina,G
Carmelita,G
Carmella,G
Carmelle,G
Carmen,G
Carmina,G
Carmine,G
Carmita,G
Carmon,G
Caro,G
Carol,G
Carol-Jean,G
Carola,G
Carolan,G
Carolann,G
Carole,G
Carolee,G
Caroleen,G
Carolie,G
Carolin,G
Carolina,G
Caroline,G
Caroljean,G
Carolyn,G
Carolyne,G
Carolynn,G
Caron,G
Carree,G
Carri,G
Carrie,G
Carrissa,G
Carrol,G
Carroll,G
Carry,G
Cary,G
Caryl,G
Caryn,G
Casandra,G
Casey,G
Casi,G
Casia,G
Casie,G
Cass,G
Cassandra,G
Cassandre,G
Cassandry,G
Cassaundra,G
Cassey,G
Cassi,G
Cassie,G
Cassondra,G
Cassy,G
Cat,G
Catarina,G
Cate,G
Caterina,G
Catha,G
Catharina,G
Catharine,G
Cathe,G
Cathee,G
Catherin,G
Catherina,G
Catherine,G
Cathi,G
Cathie,G
Cathleen,G
Cathlene,G
Cathrin,G
Cathrine,G
Cathryn,G
Cathy,G
Cathyleen,G
Cati,G
Catie,G
Catina,G
Catlaina,G
Catlee,G
Catlin,G
Catrina,G
Catriona,G
Caty,G
Cayla,G
Cecelia,G
Cecil,G
Cecile,G
Ceciley,G
Cecilia,G
Cecilla,G
Cecily,G
Ceil,G
Cele,G
Celene,G
Celesta,G
Celeste,G
Celestia,G
Celestina,G
Celestine,G
Celestyn,G
Celestyna,G
Celia,G
Celie,G
Celina,G
Celinda,G
Celine,G
Celinka,G
Celisse,G
Celle,G
Cesya,G
Chad,G
Chanda,G
Chandal,G
Chandra,G
Channa,G
Chantal,G
Chantalle,G
Charil,G
Charin,G
Charis,G
Charissa,G
Charisse,G
Charita,G
Charity,G
Charla,G
Charlean,G
Charleen,G
Charlena,G
Charlene,G
Charline,G
Charlot,G
Charlott,G
Charlotta,G
Charlotte,G
Charmain,G
Charmaine,G
Charmane,G
Charmian,G
Charmine,G
Charmion,G
Charo,G
Charyl,G
Chastity,G
Chelsae,G
Chelsea,G
Chelsey,G
Chelsie,G
Chelsy,G
Cher,G
Chere,G
Cherey,G
Cheri,G
Cherianne,G
Cherice,G
Cherida,G
Cherie,G
Cherilyn,G
Cherilynn,G
Cherin,G
Cherise,G
Cherish,G
Cherlyn,G
Cherri,G
Cherrita,G
Cherry,G
Chery,G
Cherye,G
Cheryl,G
Cheslie,G
Chiarra,G
Chickie,G
Chicky,G
Chiquita,G
Chloe,G
Chloette,G
Chloris,G
Chris,G
Chriss,G
Chrissa,G
Chrissie,G
Chrissy,G
Christa,G
Christabel,G
Christabella,G
Christabelle,G
Christal,G
Christalle,G
Christan,G
Christean,G
Christel,G
Christen,G
Christi,G
Christian,G
Christiana,G
Christiane,G
Christie,G
Christin,G
Christina,G
Christine,G
Christy,G
Christyna,G
Chrysa,G
Chrysler,G
Chrystal,G
Chryste,G
Chrystel,G
Ciara,G
Cicely,G
Cicily,G
Ciel,G
Cilka,G
Cinda,G
Cindee,G
Cindelyn,G
Cinderella,G
Cindi,G
Cindie,G
Cindra,G
Cindy,G
Cinnamon,G
Cissie,G
Cissy,G
Clair,G
Claire,G
Clara,G
Clarabelle,G
Clare,G
Claresta,G
Clareta,G
Claretta,G
Clarette,G
Clarey,G
Clari,G
Claribel,G
Clarice,G
Clarie,G
Clarinda,G
Clarine,G
Clarisa,G
Clarissa,G
Clarisse,G
Clarita,G
Clary,G
Claude,G
Claudelle,G
Claudetta,G
Claudette,G
Claudia,G
Claudie,G
Claudina,G
Claudine,G
Clea,G
Clem,G
Clemence,G
Clementia,G
Clementina,G
Clementine,G
Clemmie,G
Clemmy,G
Cleo,G
Cleopatra,G
Clerissa,G
Cleva,G
Clio,G
Clo,G
Cloe,G
Cloris,G
Clotilda,G
Clovis,G
Codee,G
Codi,G
Codie,G
Cody,G
Coleen,G
Colene,G
Coletta,G
Colette,G
Colleen,G
Collete,G
Collette,G
Collie,G
Colline,G
Colly,G
Con,G
Concettina,G
Conchita,G
Concordia,G
Conney,G
Conni,G
Connie,G
Conny,G
Consolata,G
Constance,G
Constancia,G
Constancy,G
Constanta,G
Constantia,G
Constantina,G
Constantine,G
Consuela,G
Consuelo,G
Cookie,G
Cora,G
Corabel,G
Corabella,G
Corabelle,G
Coral,G
Coralie,G
Coraline,G
Coralyn,G
Cordelia,G
Cordelie,G
Cordey,G
Cordie,G
Cordula,G
Cordy,G
Coreen,G
Corella,G
Corena,G
Corenda,G
Corene,G
Coretta,G
Corette,G
Corey,G
Cori,G
Corie,G
Corilla,G
Corina,G
Corine,G
Corinna,G
Corinne,G
Coriss,G
Corissa,G
Corliss,G
Corly,G
Cornela,G
Cornelia,G
Cornelle,G
Cornie,G
Corny,G
Correna,G
Correy,G
Corri,G
Corrianne,G
Corrie,G
Corrina,G
Corrine,G
Corrinne,G
Corry,G
Cortney,G
Cory,G
Cosetta,G
Cosette,G
Courtenay,G
Courtney,G
Cresa,G
Cris,G
Crissie,G
Crissy,G
Crista,G
Cristabel,G
Cristal,G
Cristen,G
Cristi,G
Cristie,G
Cristin,G
Cristina,G
Cristine,G
Cristionna,G
Cristy,G
Crysta,G
Crystal,G
Crystie,G
Cyb,G
Cybal,G
Cybel,G
Cybelle,G
Cybil,G
Cybill,G
Cyndi,G
Cyndy,G
Cynthea,G
Cynthia,G
Cynthie,G
Cynthy,G
Dacey,G
Dacia,G
Dacie,G
Dacy,G
Dael,G
Daffi,G
Daffie,G
Daffy,G
Dafna,G
Dagmar,G
Dahlia,G
Daile,G
Daisey,G
Daisi,G
Daisie,G
Daisy,G
Dale,G
Dalenna,G
Dalia,G
Dalila,G
Dallas,G
Daloris,G
Damara,G
Damaris,G
Damita,G
Dana,G
Danell,G
Danella,G
Danelle,G
Danette,G
Dani,G
Dania,G
Danica,G
Danice,G
Daniel,G
Daniela,G
Daniele,G
Daniella,G
Danielle,G
Danika,G
Danila,G
Danit,G
Danita,G
Danna,G
Danni,G
Dannie,G
Danny,G
Dannye,G
Danya,G
Danyelle,G
Danyette,G
Daphene,G
Daphna,G
Daphne,G
Dara,G
Darb,G
Darbie,G
Darby,G
Darcee,G
Darcey,G
Darci,G
Darcie,G
Darcy,G
Darda,G
Dareen,G
Darell,G
Darelle,G
Dari,G
Daria,G
Darice,G
Darla,G
Darleen,G
Darlene,G
Darline,G
Darryl,G
Darsey,G
Darsie,G
Darya,G
Daryl,G
Daryn,G
Dasha,G
Dasi,G
Dasie,G
Dasya,G
Datha,G
Daune,G
Daveen,G
Daveta,G
Davida,G
Davina,G
Davine,G
Davita,G
Dawn,G
Dawna,G
Dayle,G
Dayna,G
Dea,G
Deana,G
Deane,G
Deanna,G
Deanne,G
Deb,G
Debbi,G
Debbie,G
Debbra,G
Debby,G
Debee,G
Debera,G
Debi,G
Debor,G
Debora,G
Deborah,G
Debra,G
Dede,G
Dedie,G
Dedra,G
Dee,G
Dee Dee,G
Deeann,G
Deeanne,G
Deedee,G
Deena,G
Deerdre,G
Dehlia,G
Deidre,G
Deina,G
Deirdre,G
Del,G
Dela,G
Delaney,G
Delcina,G
Delcine,G
Delia,G
Delila,G
Delilah,G
Delinda,G
Dell,G
Della,G
Delly,G
Delora,G
Delores,G
Deloria,G
Deloris,G
Delphina,G
Delphine,G
Delphinia,G
Demeter,G
Demetra,G
Demetria,G
Demetris,G
Dena,G
Deni,G
Denice,G
Denise,G
Denna,G
Denni,G
Dennie,G
Denny,G
Deny,G
Denys,G
Denyse,G
Deonne,G
Desaree,G
Desdemona,G
Desirae,G
Desiree,G
Desiri,G
Deva,G
Devan,G
Devi,G
Devin,G
Devina,G
Devinne,G
Devon,G
Devondra,G
Devonna,G
Devonne,G
Devora,G
Dew,G
Di,G
Diahann,G
Diamond,G
Dian,G
Diana,G
Diandra,G
Diane,G
Diane-Marie,G
Dianemarie,G
Diann,G
Dianna,G
Dianne,G
Diannne,G
Didi,G
Dido,G
Diena,G
Dierdre,G
Dina,G
Dinah,G
Dinnie,G
Dinny,G
Dion,G
Dione,G
Dionis,G
Dionne,G
Dita,G
Dix,G
Dixie,G
Dode,G
Dodi,G
Dodie,G
Dody,G
Doe,G
Doll,G
Dolley,G
Dolli,G
Dollie,G
Dolly,G
Dolora,G
Dolores,G
Dolorita,G
Doloritas,G
Dominica,G
Dominique,G
Dona,G
Donella,G
Donelle,G
Donetta,G
Donia,G
Donica,G
Donielle,G
Donna,G
Donnajean,G
Donnamarie,G
Donni,G
Donnie,G
Donny,G
Dora,G
Doralia,G
Doralin,G
Doralyn,G
Doralynn,G
Doralynne,G
Dorcas,G
Dore,G
Doreen,G
Dorelia,G
Dorella,G
Dorelle,G
Dorena,G
Dorene,G
Doretta,G
Dorette,G
Dorey,G
Dori,G
Doria,G
Dorian,G
Dorice,G
Dorie,G
Dorine,G
Doris,G
Dorisa,G
Dorise,G
Dorit,G
Dorita,G
Doro,G
Dorolice,G
Dorolisa,G
Dorotea,G
Doroteya,G
Dorothea,G
Dorothee,G
Dorothy,G
Dorree,G
Dorri,G
Dorrie,G
Dorris,G
Dorry,G
Dorthea,G
Dorthy,G
Dory,G
Dosi,G
Dot,G
Doti,G
Dotti,G
Dottie,G
Dotty,G
Dove,G
Drea,G
Drew,G
Dulce,G
Dulcea,G
Dulci,G
Dulcia,G
Dulciana,G
Dulcie,G
Dulcine,G
Dulcinea,G
Dulcy,G
Dulsea,G
Dusty,G
Dyan,G
Dyana,G
Dyane,G
Dyann,G
Dyanna,G
Dyanne,G
Dyna,G
Dynah,G
E'Lane,G
Eada,G
Eadie,G
Eadith,G
Ealasaid,G
Eartha,G
Easter,G
Eba,G
Ebba,G
Ebonee,G
Ebony,G
Eda,G
Eddi,G
Eddie,G
Eddy,G
Ede,G
Edee,G
Edeline,G
Eden,G
Edi,G
Edie,G
Edin,G
Edita,G
Edith,G
Editha,G
Edithe,G
Ediva,G
Edna,G
Edwina,G
Edy,G
Edyth,G
Edythe,G
Effie,G
Eileen,G
Eilis,G
Eimile,G
Eirena,G
Ekaterina,G
Elaina,G
Elaine,G
Elana,G
Elane,G
Elayne,G
Elberta,G
Elbertina,G
Elbertine,G
Eleanor,G
Eleanora,G
Eleanore,G
Electra,G
Elena,G
Elene,G
Eleni,G
Elenore,G
Eleonora,G
Eleonore,G
Elfie,G
Elfreda,G
Elfrida,G
Elfrieda,G
Elga,G
Elianora,G
Elianore,G
Elicia,G
Elie,G
Elinor,G
Elinore,G
Elisa,G
Elisabet,G
Elisabeth,G
Elisabetta,G
Elise,G
Elisha,G
Elissa,G
Elita,G
Eliza,G
Elizabet,G
Elizabeth,G
Elka,G
Elke,G
Ella,G
Elladine,G
Elle,G
Ellen,G
Ellene,G
Ellette,G
Elli,G
Ellie,G
Ellissa,G
Elly,G
Ellyn,G
Ellynn,G
Elmira,G
Elna,G
Elnora,G
Elnore,G
Eloisa,G
Eloise,G
Elonore,G
Elora,G
Elsa,G
Elsbeth,G
Else,G
Elsey,G
Elsi,G
Elsie,G
Elsinore,G
Elspeth,G
Elsy,G
Elva,G
Elvera,G
Elvina,G
Elvira,G
Elwina,G
Elwira,G
Elyn,G
Elyse,G
Elysee,G
Elysha,G
Elysia,G
Elyssa,G
Em,G
Ema,G
Emalee,G
Emalia,G
Emanuela,G
Emelda,G
Emelia,G
Emelina,G
Emeline,G
Emelita,G
Emelyne,G
Emera,G
Emilee,G
Emili,G
Emilia,G
Emilie,G
Emiline,G
Emily,G
Emlyn,G
Emlynn,G
Emlynne,G
Emma,G
Emmalee,G
Emmaline,G
Emmalyn,G
Emmalynn,G
Emmalynne,G
Emmeline,G
Emmey,G
Emmi,G
Emmie,G
Emmy,G
Emmye,G
Emogene,G
Emyle,G
Emylee,G
Endora,G
Engracia,G
Enid,G
Enrica,G
Enrichetta,G
Enrika,G
Enriqueta,G
Enya,G
Eolanda,G
Eolande,G
Eran,G
Erda,G
Erena,G
Erica,G
Ericha,G
Ericka,G
Erika,G
Erin,G
Erina,G
Erinn,G
Erinna,G
Erma,G
Ermengarde,G
Ermentrude,G
Ermina,G
Erminia,G
Erminie,G
Erna,G
Ernaline,G
Ernesta,G
Ernestine,G
Ertha,G
Eryn,G
Esma,G
Esmaria,G
Esme,G
Esmeralda,G
Esmerelda,G
Essa,G
Essie,G
Essy,G
Esta,G
Estel,G
Estele,G
Estell,G
Estella,G
Estelle,G
Ester,G
Esther,G
Estrella,G
Estrellita,G
Ethel,G
Ethelda,G
Ethelin,G
Ethelind,G
Etheline,G
Ethelyn,G
Ethyl,G
Etta,G
Etti,G
Ettie,G
Etty,G
Eudora,G
Eugenia,G
Eugenie,G
Eugine,G
Eula,G
Eulalie,G
Eunice,G
Euphemia,G
Eustacia,G
Eva,G
Evaleen,G
Evangelia,G
Evangelin,G
Evangelina,G
Evangeline,G
Evania,G
Evanne,G
Eve,G
Eveleen,G
Evelina,G
Eveline,G
Evelyn,G
Evette,G
Evey,G
Evie,G
Evita,G
Evonne,G
Evvie,G
Evvy,G
Evy,G
Eyde,G
Eydie,G
Fabrianne,G
Fabrice,G
Fae,G
Faina,G
Faith,G
Fallon,G
Fan,G
Fanchette,G
Fanchon,G
Fancie,G
Fancy,G
Fanechka,G
Fania,G
Fanni,G
Fannie,G
Fanny,G
Fanya,G
Fara,G
Farah,G
Farand,G
Farica,G
Farra,G
Farrah,G
Farrand,G
Fatima,G
Faun,G
Faunie,G
Faustina,G
Faustine,G
Fawn,G
Fawna,G
Fawne,G
Fawnia,G
Fay,G
Faydra,G
Faye,G
Fayette,G
Fayina,G
Fayre,G
Fayth,G
Faythe,G
Federica,G
Fedora,G
Felecia,G
Felicdad,G
Felice,G
Felicia,G
Felicity,G
Felicle,G
Felipa,G
Felisha,G
Felita,G
Feliza,G
Fenelia,G
Feodora,G
Ferdinanda,G
Ferdinande,G
Fern,G
Fernanda,G
Fernande,G
Fernandina,G
Ferne,G
Fey,G
Fiann,G
Fianna,G
Fidela,G
Fidelia,G
Fidelity,G
Fifi,G
Fifine,G
Filia,G
Filide,G
Filippa,G
Fina,G
Fiona,G
Fionna,G
Fionnula,G
Fiorenze,G
Fleur,G
Fleurette,G
Flo,G
Flor,G
Flora,G
Florance,G
Flore,G
Florella,G
Florence,G
Florencia,G
Florentia,G
Florenza,G
Florette,G
Flori,G
Floria,G
Florice,G
Florida,G
Florie,G
Florina,G
Florinda,G
Floris,G
Florri,G
Florrie,G
Florry,G
Flory,G
Flossi,G
Flossie,G
Flossy,G
Flower,G
Fortuna,G
Fortune,G
Fran,G
France,G
Francene,G
Frances,G
Francesca,G
Francesmary,G
Francine,G
Francis,G
Francisca,G
Franciska,G
Francoise,G
Francyne,G
Frank,G
Frankie,G
Franky,G
Franni,G
Frannie,G
Franny,G
Frayda,G
Fred,G
Freda,G
Freddi,G
Freddie,G
Freddy,G
Fredelia,G
Frederica,G
Fredericka,G
Fredi,G
Fredia,G
Fredra,G
Fredrika,G
Freida,G
Frieda,G
Friederike,G
Fulvia,G
Gabbey,G
Gabbi,G
Gabbie,G
Gabey,G
Gabi,G
Gabie,G
Gabriel,G
Gabriela,G
Gabriell,G
Gabriella,G
Gabrielle,G
Gabriellia,G
Gabrila,G
Gaby,G
Gae,G
Gael,G
Gail,G
Gale,G
Galina,G
Garland,G
Garnet,G
Garnette,G
Gates,G
Gavra,G
Gavrielle,G
Gay,G
Gayla,G
Gayle,G
Gayleen,G
Gaylene,G
Gaynor,G
Geeta,G
Gelya,G
Gen,G
Gena,G
Gene,G
Geneva,G
Genevieve,G
Genevra,G
Genia,G
Genna,G
Genni,G
Gennie,G
Gennifer,G
Genny,G
Genovera,G
Genvieve,G
George,G
Georgeanna,G
Georgeanne,G
Georgena,G
Georgeta,G
Georgetta,G
Georgette,G
Georgia,G
Georgiamay,G
Georgiana,G
Georgianna,G
Georgianne,G
Georgie,G
Georgina,G
Georgine,G
Gera,G
Geralda,G
Geraldina,G
Geraldine,G
Gerda,G
Gerhardine,G
Geri,G
Gerianna,G
Gerianne,G
Gerladina,G
Germain,G
Germaine,G
Germana,G
Gerri,G
Gerrie,G
Gerrilee,G
Gerry,G
Gert,G
Gerta,G
Gerti,G
Gertie,G
Gertrud,G
Gertruda,G
Gertrude,G
Gertrudis,G
Gerty,G
Giacinta,G
Giana,G
Gianina,G
Gianna,G
Gigi,G
Gilberta,G
Gilberte,G
Gilbertina,G
Gilbertine,G
Gilda,G
Gill,G
Gillan,G
Gilli,G
Gillian,G
Gillie,G
Gilligan,G
Gilly,G
Gina,G
Ginelle,G
Ginevra,G
Ginger,G
Ginni,G
Ginnie,G
Ginnifer,G
Ginny,G
Giorgia,G
Giovanna,G
Gipsy,G
Giralda,G
Gisela,G
Gisele,G
Gisella,G
Giselle,G
Gita,G
Gizela,G
Glad,G
Gladi,G
Gladis,G
Gladys,G
Gleda,G
Glen,G
Glenda,G
Glenine,G
Glenn,G
Glenna,G
Glennie,G
Glennis,G
Glori,G
Gloria,G
Gloriana,G
Gloriane,G
Glorianna,G
Glory,G
Glyn,G
Glynda,G
Glynis,G
Glynnis,G
Godiva,G
Golda,G
Goldarina,G
Goldi,G
Goldia,G
Goldie,G
Goldina,G
Goldy,G
Grace,G
Gracia,G
Gracie,G
Grata,G
Gratia,G
Gratiana,G
Gray,G
Grayce,G
Grazia,G
Gredel,G
Greer,G
Greta,G
Gretal,G
Gretchen,G
Grete,G
Gretel,G
Grethel,G
Gretna,G
Gretta,G
Grier,G
Griselda,G
Grissel,G
Guendolen,G
Guenevere,G
Guenna,G
Guglielma,G
Gui,G
Guillema,G
Guillemette,G
Guinevere,G
Guinna,G
Gunilla,G
Gunvor,G
Gus,G
Gusella,G
Gussi,G
Gussie,G
Gussy,G
Gusta,G
Gusti,G
Gustie,G
Gusty,G
Gwen,G
Gwendolen,G
Gwendolin,G
Gwendolyn,G
Gweneth,G
Gwenette,G
Gwenn,G
Gwenneth,G
Gwenni,G
Gwennie,G
Gwenny,G
Gwenora,G
Gwenore,G
Gwyn,G
Gwyneth,G
Gwynne,G
Gypsy,G
Hadria,G
Hailee,G
Haily,G
Haleigh,G
Halette,G
Haley,G
Hali,G
Halie,G
Halimeda,G
Halley,G
Halli,G
Hallie,G
Hally,G
Hana,G
Hanna,G
Hannah,G
Hanni,G
Hannibal,G
Hannie,G
Hannis,G
Hanny,G
Happy,G
Harlene,G
Harley,G
Harli,G
Harlie,G
Harmonia,G
Harmonie,G
Harmony,G
Harri,G
Harrie,G
Harriet,G
Harriett,G
Harrietta,G
Harriette,G
Harriot,G
Harriott,G
Hatti,G
Hattie,G
Hatty,G
Havivah,G
Hayley,G
Hazel,G
Heath,G
Heather,G
Heda,G
Hedda,G
Heddi,G
Heddie,G
Hedi,G
Hedvig,G
Hedwig,G
Hedy,G
Heida,G
Heide,G
Heidi,G
Heidie,G
Helaina,G
Helaine,G
Helen,G
Helen-Elizabeth,G
Helena,G
Helene,G
Helga,G
Helge,G
Helise,G
Hellene,G
Helli,G
Heloise,G
Helsa,G
Helyn,G
Hendrika,G
Henka,G
Henrie,G
Henrieta,G
Henrietta,G
Henriette,G
Henryetta,G
Hephzibah,G
Hermia,G
Hermina,G
Hermine,G
Herminia,G
Hermione,G
Herta,G
Hertha,G
Hester,G
Hesther,G
Hestia,G
Hetti,G
Hettie,G
Hetty,G
Hilarie,G
Hilary,G
Hilda,G
Hildagard,G
Hildagarde,G
Hilde,G
Hildegaard,G
Hildegarde,G
Hildy,G
Hillary,G
Hilliary,G
Hinda,G
Holley,G
Holli,G
Hollie,G
Holly,G
Holly-Anne,G
Hollyanne,G
Honey,G
Honor,G
Honoria,G
Hope,G
Horatia,G
Hortense,G
Hortensia,G
Hulda,G
Hyacinth,G
Hyacintha,G
Hyacinthe,G
Hyacinthia,G
Hyacinthie,G
Hynda,G
Ianthe,G
Ibbie,G
Ibby,G
Ida,G
Idalia,G
Idalina,G
Idaline,G
Idell,G
Idelle,G
Idette,G
Ike,G
Ikey,G
Ilana,G
Ileana,G
Ileane,G
Ilene,G
Ilise,G
Ilka,G
Illa,G
Ilona,G
Ilsa,G
Ilse,G
Ilysa,G
Ilyse,G
Ilyssa,G
Imelda,G
Imogen,G
Imogene,G
Imojean,G
Ina,G
Inci,G
Indira,G
Ines,G
Inesita,G
Inessa,G
Inez,G
Inga,G
Ingaberg,G
Ingaborg,G
Inge,G
Ingeberg,G
Ingeborg,G
Inger,G
Ingrid,G
Ingunna,G
Inna,G
Ioana,G
Iolande,G
Iolanthe,G
Iona,G
Iormina,G
Ira,G
Irena,G
Irene,G
Irina,G
Iris,G
Irita,G
Irma,G
Isa,G
Isabeau,G
Isabel,G
Isabelita,G
Isabella,G
Isabelle,G
Isador,G
Isadora,G
Isadore,G
Isahella,G
Iseabal,G
Isidora,G
Isis,G
Isobel,G
Issi,G
Issie,G
Issy,G
Ivett,G
Ivette,G
Ivie,G
Ivonne,G
Ivory,G
Ivy,G
Izabel,G
Izzi,G
Jacenta,G
Jacinda,G
Jacinta,G
Jacintha,G
Jacinthe,G
Jackelyn,G
Jacki,G
Jackie,G
Jacklin,G
Jacklyn,G
Jackquelin,G
Jackqueline,G
Jacky,G
Jaclin,G
Jaclyn,G
Jacquelin,G
Jacqueline,G
Jacquelyn,G
Jacquelynn,G
Jacquenetta,G
Jacquenette,G
Jacquetta,G
Jacquette,G
Jacqui,G
Jacquie,G
Jacynth,G
Jada,G
Jade,G
Jaime,G
Jaimie,G
Jaine,G
Jaleh,G
Jami,G
Jamie,G
Jamima,G
Jammie,G
Jan,G
Jana,G
Janaya,G
Janaye,G
Jandy,G
Jane,G
Janean,G
Janeczka,G
Janeen,G
Janel,G
Janela,G
Janella,G
Janelle,G
Janene,G
Janenna,G
Janessa,G
Janet,G
Janeta,G
Janetta,G
Janette,G
Janeva,G
Janey,G
Jania,G
Janice,G
Janie,G
Janifer,G
Janina,G
Janine,G
Janis,G
Janith,G
Janka,G
Janna,G
Jannel,G
Jannelle,G
Janot,G
Jany,G
Jaquelin,G
Jaquelyn,G
Jaquenetta,G
Jaquenette,G
Jaquith,G
Jasmin,G
Jasmina,G
Jasmine,G
Jayme,G
Jaymee,G
Jayne,G
Jaynell,G
Jazmin,G
Jean,G
Jeana,G
Jeane,G
Jeanelle,G
Jeanette,G
Jeanie,G
Jeanine,G
Jeanna,G
Jeanne,G
Jeannette,G
Jeannie,G
Jeannine,G
Jehanna,G
Jelene,G
Jemie,G
Jemima,G
Jemimah,G
Jemmie,G
Jemmy,G
Jen,G
Jena,G
Jenda,G
Jenelle,G
Jenette,G
Jeni,G
Jenica,G
Jeniece,G
Jenifer,G
Jeniffer,G
Jenilee,G
Jenine,G
Jenn,G
Jenna,G
Jennee,G
Jennette,G
Jenni,G
Jennica,G
Jennie,G
Jennifer,G
Jennilee,G
Jennine,G
Jenny,G
Jeraldine,G
Jeralee,G
Jere,G
Jeri,G
Jermaine,G
Jerrie,G
Jerrilee,G
Jerrilyn,G
Jerrine,G
Jerry,G
Jerrylee,G
Jess,G
Jessa,G
Jessalin,G
Jessalyn,G
Jessamine,G
Jessamyn,G
Jesse,G
Jesselyn,G
Jessi,G
Jessica,G
Jessie,G
Jessika,G
Jessy,G
Jewel,G
Jewell,G
Jewelle,G
Jill,G
Jillana,G
Jillane,G
Jillayne,G
Jilleen,G
Jillene,G
Jilli,G
Jillian,G
Jillie,G
Jilly,G
Jinny,G
Jo,G
Jo Ann,G
Jo-Ann,G
JoAnn,G
Jo-Anne,G
JoAnne,G
Joan,G
Joana,G
Joane,G
Joanie,G
Joann,G
Joanna,G
Joanne,G
Joannes,G
Jobey,G
Jobi,G
Jobie,G
Jobina,G
Joby,G
Jobye,G
Jobyna,G
Jocelin,G
Joceline,G
Jocelyn,G
Jocelyne,G
Jodee,G
Jodi,G
Jodie,G
Jody,G
Joela,G
Joelie,G
Joell,G
Joella,G
Joelle,G
Joellen,G
Joelly,G
Joellyn,G
Joelynn,G
Joete,G
Joey,G
Johanna,G
Johannah,G
Johnette,G
Johnna,G
Joice,G
Jojo,G
Jolee,G
Joleen,G
Jolene,G
Joletta,G
Joli,G
Jolie,G
Joline,G
Joly,G
Jolyn,G
Jolynn,G
Jonell,G
Joni,G
Jonie,G
Jonis,G
Jordain,G
Jordan,G
Jordana,G
Jordanna,G
Jorey,G
Jori,G
Jorie,G
Jorrie,G
Jorry,G
Joscelin,G
Josee,G
Josefa,G
Josefina,G
Joselyn,G
Josepha,G
Josephina,G
Josephine,G
Josey,G
Josi,G
Josie,G
Joslyn,G
Josselyn,G
Josy,G
Jourdan,G
Joy,G
Joya,G
Joyan,G
Joyann,G
Joyce,G
Joycelin,G
Joye,G
Joyous,G
Juana,G
Juanita,G
Jude,G
Judi,G
Judie,G
Judith,G
Juditha,G
Judy,G
Judye,G
Julee,G
Juli,G
Julia,G
Juliana,G
Juliane,G
Juliann,G
Julianna,G
Julianne,G
Julie,G
Julienne,G
Juliet,G
Julieta,G
Julietta,G
Juliette,G
Julina,G
Juline,G
Julissa,G
Julita,G
June,G
Junette,G
Junia,G
Junie,G
Junina,G
Justin,G
Justina,G
Justine,G
Jyoti,G
Kaari,G
Kacey,G
Kacie,G
Kacy,G
Kai,G
Kaia,G
Kaila,G
Kaile,G
Kailey,G
Kaitlin,G
Kaitlyn,G
Kaitlynn,G
Kaja,G
Kakalina,G
Kala,G
Kaleena,G
Kali,G
Kalie,G
Kalila,G
Kalina,G
Kalinda,G
Kalindi,G
Kalli,G
Kally,G
Kameko,G
Kamila,G
Kamilah,G
Kamillah,G
Kandace,G
Kandy,G
Kania,G
Kanya,G
Kara,G
Kara-Lynn,G
Karalee,G
Karalynn,G
Kare,G
Karee,G
Karel,G
Karen,G
Karena,G
Kari,G
Karia,G
Karie,G
Karil,G
Karilynn,G
Karin,G
Karina,G
Karine,G
Kariotta,G
Karisa,G
Karissa,G
Karita,G
Karla,G
Karlee,G
Karleen,G
Karlen,G
Karlene,G
Karlie,G
Karlotta,G
Karlotte,G
Karly,G
Karlyn,G
Karmen,G
Karna,G
Karol,G
Karola,G
Karole,G
Karolina,G
Karoline,G
Karoly,G
Karon,G
Karrah,G
Karrie,G
Karry,G
Kary,G
Karyl,G
Karylin,G
Karyn,G
Kasey,G
Kass,G
Kassandra,G
Kassey,G
Kassi,G
Kassia,G
Kassie,G
Kaster,G
Kat,G
Kata,G
Katalin,G
Kate,G
Katee,G
Katerina,G
Katerine,G
Katey,G
Kath,G
Katha,G
Katharina,G
Katharine,G
Katharyn,G
Kathe,G
Katheleen,G
Katherina,G
Katherine,G
Katheryn,G
Kathi,G
Kathie,G
Kathleen,G
Kathlene,G
Kathlin,G
Kathrine,G
Kathryn,G
Kathryne,G
Kathy,G
Kathye,G
Kati,G
Katie,G
Katina,G
Katine,G
Katinka,G
Katleen,G
Katlin,G
Katrina,G
Katrine,G
Katrinka,G
Katti,G
Kattie,G
Katuscha,G
Katusha,G
Katy,G
Katya,G
Kay,G
Kaycee,G
Kaye,G
Kayla,G
Kayle,G
Kaylee,G
Kayley,G
Kaylil,G
Kaylyn,G
Kee,G
Keeley,G
Keelia,G
Keely,G
Kelcey,G
Kelci,G
Kelcie,G
Kelcy,G
Kelila,G
Kellen,G
Kelley,G
Kelli,G
Kellia,G
Kellie,G
Kellina,G
Kellsie,G
Kelly,G
Kellyann,G
Kelsey,G
Kelsi,G
Kelsy,G
Kendra,G
Kendre,G
Kenna,G
Keren,G
Keri,G
Keriann,G
Kerianne,G
Kerri,G
Kerrie,G
Kerrill,G
Kerrin,G
Kerry,G
Kerstin,G
Kesley,G
Keslie,G
Kessia,G
Kessiah,G
Ketti,G
Kettie,G
Ketty,G
Kevina,G
Kevyn,G
Ki,G
Kia,G
Kiah,G
Kial,G
Kiele,G
Kiersten,G
Kikelia,G
Kiley,G
Kim,G
Kimberlee,G
Kimberley,G
Kimberli,G
Kimberly,G
Kimberlyn,G
Kimbra,G
Kimmi,G
Kimmie,G
Kimmy,G
Kinna,G
Kip,G
Kipp,G
Kippie,G
Kippy,G
Kira,G
Kirbee,G
Kirbie,G
Kirby,G
Kiri,G
Kirsten,G
Kirsteni,G
Kirsti,G
Kirstie,G
Kirstin,G
Kirstyn,G
Kissee,G
Kissiah,G
Kissie,G
Kit,G
Kitti,G
Kittie,G
Kitty,G
Kizzee,G
Kizzie,G
Klara,G
Klarika,G
Klarrisa,G
Konstance,G
Konstanze,G
Koo,G
Kora,G
Koral,G
Koralle,G
Kordula,G
Kore,G
Korella,G
Koren,G
Koressa,G
Kori,G
Korie,G
Korney,G
Korrie,G
Korry,G
Kourtney,G
Kris,G
Krissie,G
Krissy,G
Krista,G
Kristal,G
Kristan,G
Kriste,G
Kristel,G
Kristen,G
Kristi,G
Kristien,G
Kristin,G
Kristina,G
Kristine,G
Kristy,G
Kristyn,G
Krysta,G
Krystal,G
Krystalle,G
Krystle,G
Krystyna,G
Kyla,G
Kyle,G
Kylen,G
Kylie,G
Kylila,G
Kylynn,G
Kym,G
Kynthia,G
Kyrstin,G
La,G
Lacee,G
Lacey,G
Lacie,G
Lacy,G
Ladonna,G
Laetitia,G
Laila,G
Laina,G
Lainey,G
Lamb,G
Lana,G
Lane,G
Lanette,G
Laney,G
Lani,G
Lanie,G
Lanita,G
Lanna,G
Lanni,G
Lanny,G
Lara,G
Laraine,G
Lari,G
Larina,G
Larine,G
Larisa,G
Larissa,G
Lark,G
Laryssa,G
Latashia,G
Latia,G
Latisha,G
Latrena,G
Latrina,G
Laura,G
Lauraine,G
Laural,G
Lauralee,G
Laure,G
Lauree,G
Laureen,G
Laurel,G
Laurella,G
Lauren,G
Laurena,G
Laurene,G
Lauretta,G
Laurette,G
Lauri,G
Laurianne,G
Laurice,G
Laurie,G
Lauryn,G
Lavena,G
Laverna,G
Laverne,G
Lavina,G
Lavinia,G
Lavinie,G
Layla,G
Layne,G
Layney,G
Lea,G
Leah,G
Leandra,G
Leann,G
Leanna,G
Leanne,G
Leanor,G
Leanora,G
Lebbie,G
Leda,G
Lee,G
LeeAnn,G
Leeann,G
Leeanne,G
Leela,G
Leelah,G
Leena,G
Leesa,G
Leese,G
Legra,G
Leia,G
Leiah,G
Leigh,G
Leigha,G
Leila,G
Leilah,G
Leisha,G
Lela,G
Lelah,G
Leland,G
Lelia,G
Lena,G
Lenee,G
Lenette,G
Lenka,G
Lenna,G
Lenora,G
Lenore,G
Leodora,G
Leoine,G
Leola,G
Leoline,G
Leona,G
Leonanie,G
Leone,G
Leonelle,G
Leonie,G
Leonora,G
Leonore,G
Leontine,G
Leontyne,G
Leora,G
Leorah,G
Leshia,G
Lesley,G
Lesli,G
Leslie,G
Lesly,G
Lesya,G
Leta,G
Lethia,G
Leticia,G
Letisha,G
Letitia,G
Letta,G
Letti,G
Lettie,G
Letty,G
Leyla,G
Lezlie,G
Lia,G
Lian,G
Liana,G
Liane,G
Lianna,G
Lianne,G
Lib,G
Libbey,G
Libbi,G
Libbie,G
Libby,G
Licha,G
Lida,G
Lidia,G
Lil,G
Lila,G
Lilah,G
Lilas,G
Lilia,G
Lilian,G
Liliane,G
Lilias,G
Lilith,G
Lilla,G
Lilli,G
Lillian,G
Lillis,G
Lilllie,G
Lilly,G
Lily,G
Lilyan,G
Lin,G
Lina,G
Lind,G
Linda,G
Lindi,G
Lindie,G
Lindsay,G
Lindsey,G
Lindsy,G
Lindy,G
Linea,G
Linell,G
Linet,G
Linette,G
Linn,G
Linnea,G
Linnell,G
Linnet,G
Linnie,G
Linzy,G
Liora,G
Liorah,G
Lira,G
Lisa,G
Lisabeth,G
Lisandra,G
Lisbeth,G
Lise,G
Lisetta,G
Lisette,G
Lisha,G
Lishe,G
Lissa,G
Lissi,G
Lissie,G
Lissy,G
Lita,G
Liuka,G
Livia,G
Liz,G
Liza,G
Lizabeth,G
Lizbeth,G
Lizette,G
Lizzie,G
Lizzy,G
Loella,G
Lois,G
Loise,G
Lola,G
Lolande,G
Loleta,G
Lolita,G
Lolly,G
Lona,G
Lonee,G
Loni,G
Lonna,G
Lonni,G
Lonnie,G
Lora,G
Lorain,G
Loraine,G
Loralee,G
Loralie,G
Loralyn,G
Loree,G
Loreen,G
Lorelei,G
Lorelle,G
Loren,G
Lorena,G
Lorene,G
Lorenza,G
Loretta,G
Lorettalorna,G
Lorette,G
Lori,G
Loria,G
Lorianna,G
Lorianne,G
Lorie,G
Lorilee,G
Lorilyn,G
Lorinda,G
Lorine,G
Lorita,G
Lorna,G
Lorne,G
Lorraine,G
Lorrayne,G
Lorri,G
Lorrie,G
Lorrin,G
Lorry,G
Lory,G
Lotta,G
Lotte,G
Lotti,G
Lottie,G
Lotty,G
Lou,G
Louella,G
Louisa,G
Louise,G
Louisette,G
Love,G
Luana,G
Luanna,G
Luce,G
Luci,G
Lucia,G
Luciana,G
Lucie,G
Lucienne,G
Lucila,G
Lucilia,G
Lucille,G
Lucina,G
Lucinda,G
Lucine,G
Lucita,G
Lucky,G
Lucretia,G
Lucy,G
Luella,G
Luelle,G
Luisa,G
Luise,G
Lula,G
Lulita,G
Lulu,G
Luna,G
Lura,G
Lurette,G
Lurleen,G
Lurlene,G
Lurline,G
Lusa,G
Lust,G
Lyda,G
Lydia,G
Lydie,G
Lyn,G
Lynda,G
Lynde,G
Lyndel,G
Lyndell,G
Lyndsay,G
Lyndsey,G
Lyndsie,G
Lyndy,G
Lynea,G
Lynelle,G
Lynett,G
Lynette,G
Lynn,G
Lynna,G
Lynne,G
Lynnea,G
Lynnell,G
Lynnelle,G
Lynnet,G
Lynnett,G
Lynnette,G
Lynsey,G
Lysandra,G
Lyssa,G
Mab,G
Mabel,G
Mabelle,G
Mable,G
Mada,G
Madalena,G
Madalyn,G
Maddalena,G
Maddi,G
Maddie,G
Maddy,G
Madel,G
Madelaine,G
Madeleine,G
Madelena,G
Madelene,G
Madelin,G
Madelina,G
Madeline,G
Madella,G
Madelle,G
Madelon,G
Madelyn,G
Madge,G
Madlen,G
Madlin,G
Madona,G
Madonna,G
Mady,G
Mae,G
Maegan,G
Mag,G
Magda,G
Magdaia,G
Magdalen,G
Magdalena,G
Magdalene,G
Maggee,G
Maggi,G
Maggie,G
Maggy,G
Magna,G
Mahala,G
Mahalia,G
Maia,G
Maible,G
Maiga,G
Mair,G
Maire,G
Mairead,G
Maisey,G
Maisie,G
Mala,G
Malanie,G
Malcah,G
Malena,G
Malia,G
Malina,G
Malinda,G
Malinde,G
Malissa,G
Malissia,G
Malka,G
Malkah,G
Mallissa,G
Mallorie,G
Mallory,G
Malorie,G
Malory,G
Malva,G
Malvina,G
Malynda,G
Mame,G
Mamie,G
Manda,G
Mandi,G
Mandie,G
Mandy,G
Manon,G
Manya,G
Mara,G
Marabel,G
Marcela,G
Marcelia,G
Marcella,G
Marcelle,G
Marcellina,G
Marcelline,G
Marchelle,G
Marci,G
Marcia,G
Marcie,G
Marcile,G
Marcille,G
Marcy,G
Mareah,G
Maren,G
Marena,G
Maressa,G
Marga,G
Margalit,G
Margalo,G
Margaret,G
Margareta,G
Margarete,G
Margaretha,G
Margarethe,G
Margaretta,G
Margarette,G
Margarita,G
Margaux,G
Marge,G
Margeaux,G
Margery,G
Marget,G
Margette,G
Margi,G
Margie,G
Margit,G
Marglerite,G
Margo,G
Margot,G
Margret,G
Marguerite,G
Margurite,G
Margy,G
Mari,G
Maria,G
Mariam,G
Marian,G
Mariana,G
Mariann,G
Marianna,G
Marianne,G
Maribel,G
Maribelle,G
Maribeth,G
Marice,G
Maridel,G
Marie,G
Marie-Ann,G
Marie-Jeanne,G
Marieann,G
Mariejeanne,G
Mariel,G
Mariele,G
Marielle,G
Mariellen,G
Marietta,G
Mariette,G
Marigold,G
Marijo,G
Marika,G
Marilee,G
Marilin,G
Marillin,G
Marilyn,G
Marin,G
Marina,G
Marinna,G
Marion,G
Mariquilla,G
Maris,G
Marisa,G
Mariska,G
Marissa,G
Marit,G
Marita,G
Maritsa,G
Mariya,G
Marj,G
Marja,G
Marje,G
Marji,G
Marjie,G
Marjorie,G
Marjory,G
Marjy,G
Marketa,G
Marla,G
Marlane,G
Marleah,G
Marlee,G
Marleen,G
Marlena,G
Marlene,G
Marley,G
Marlie,G
Marline,G
Marlo,G
Marlyn,G
Marna,G
Marne,G
Marney,G
Marni,G
Marnia,G
Marnie,G
Marquita,G
Marrilee,G
Marris,G
Marrissa,G
Marry,G
Marsha,G
Marsiella,G
Marta,G
Martelle,G
Martguerita,G
Martha,G
Marthe,G
Marthena,G
Marti,G
Martica,G
Martie,G
Martina,G
Martita,G
Marty,G
Martynne,G
Mary,G
Marya,G
Maryangelyn,G
Maryann,G
Maryanna,G
Maryanne,G
Marybelle,G
Marybeth,G
Maryellen,G
Maryjane,G
Maryjo,G
Maryl,G
Marylee,G
Marylin,G
Marylinda,G
Marylou,G
Marylynne,G
Maryrose,G
Marys,G
Marysa,G
Masha,G
Matelda,G
Mathilda,G
Mathilde,G
Matilda,G
Matilde,G
Matti,G
Mattie,G
Matty,G
Maud,G
Maude,G
Maudie,G
Maura,G
Maure,G
Maureen,G
Maureene,G
Maurene,G
Maurine,G
Maurise,G
Maurita,G
Mavis,G
Mavra,G
Max,G
Maxi,G
Maxie,G
Maxine,G
Maxy,G
May,G
Maya,G
Maybelle,G
Mayda,G
Maye,G
Mead,G
Meade,G
Meagan,G
Meaghan,G
Meara,G
Mechelle,G
Meg,G
Megan,G
Megen,G
Meggan,G
Meggi,G
Meggie,G
Meggy,G
Meghan,G
Meghann,G
Mehetabel,G
Mei,G
Meira,G
Mel,G
Mela,G
Melamie,G
Melania,G
Melanie,G
Melantha,G
Melany,G
Melba,G
Melesa,G
Melessa,G
Melicent,G
Melina,G
Melinda,G
Melinde,G
Melisa,G
Melisande,G
Melisandra,G
Melisenda,G
Melisent,G
Melissa,G
Melisse,G
Melita,G
Melitta,G
Mella,G
Melli,G
Mellicent,G
Mellie,G
Mellisa,G
Mellisent,G
Mellissa,G
Melloney,G
Melly,G
Melodee,G
Melodie,G
Melody,G
Melonie,G
Melony,G
Melosa,G
Melva,G
Mercedes,G
Merci,G
Mercie,G
Mercy,G
Meredith,G
Meredithe,G
Meridel,G
Meridith,G
Meriel,G
Merilee,G
Merilyn,G
Meris,G
Merissa,G
Merl,G
Merla,G
Merle,G
Merlina,G
Merline,G
Merna,G
Merola,G
Merralee,G
Merridie,G
Merrie,G
Merrielle,G
Merrile,G
Merrilee,G
Merrili,G
Merrill,G
Merrily,G
Merry,G
Mersey,G
Meryl,G
Meta,G
Mia,G
Micaela,G
Michaela,G
Michaelina,G
Michaeline,G
Michaella,G
Michal,G
Michel,G
Michele,G
Michelina,G
Micheline,G
Michell,G
Michelle,G
Micki,G
Mickie,G
Micky,G
Midge,G
Mignon,G
Mignonne,G
Miguela,G
Miguelita,G
Mikako,G
Mildred,G
Mildrid,G
Milena,G
Milicent,G
Milissent,G
Milka,G
Milli,G
Millicent,G
Millie,G
Millisent,G
Milly,G
Milzie,G
Mimi,G
Min,G
Mina,G
Minda,G
Mindy,G
Minerva,G
Minetta,G
Minette,G
Minna,G
Minni,G
Minnie,G
Minny,G
Minta,G
Miquela,G
Mira,G
Mirabel,G
Mirabella,G
Mirabelle,G
Miran,G
Miranda,G
Mireielle,G
Mireille,G
Mirella,G
Mirelle,G
Miriam,G
Mirilla,G
Mirna,G
Misha,G
Missie,G
Missy,G
Misti,G
Misty,G
Mitra,G
Mitzi,G
Mmarianne,G
Modesta,G
Modestia,G
Modestine,G
Modesty,G
Moina,G
Moira,G
Moll,G
Mollee,G
Molli,G
Mollie,G
Molly,G
Mommy,G
Mona,G
Monah,G
Monica,G
Monika,G
Monique,G
Mora,G
Moreen,G
Morena,G
Morgan,G
Morgana,G
Morganica,G
Morganne,G
Morgen,G
Moria,G
Morissa,G
Morlee,G
Morna,G
Moselle,G
Moya,G
Moyna,G
Moyra,G
Mozelle,G
Muffin,G
Mufi,G
Mufinella,G
Muire,G
Mureil,G
Murial,G
Muriel,G
Murielle,G
Myna,G
Myra,G
Myrah,G
Myranda,G
Myriam,G
Myrilla,G
Myrle,G
Myrlene,G
Myrna,G
Myrta,G
Myrtia,G
Myrtice,G
Myrtie,G
Myrtle,G
Nada,G
Nadean,G
Nadeen,G
Nadia,G
Nadine,G
Nadiya,G
Nady,G
Nadya,G
Nalani,G
Nan,G
Nana,G
Nananne,G
Nance,G
Nancee,G
Nancey,G
Nanci,G
Nancie,G
Nancy,G
Nanete,G
Nanette,G
Nani,G
Nanice,G
Nanine,G
Nannette,G
Nanni,G
Nannie,G
Nanny,G
Nanon,G
Naoma,G
Naomi,G
Nara,G
Nari,G
Nariko,G
Nat,G
Nata,G
Natala,G
Natalee,G
Natalia,G
Natalie,G
Natalina,G
Nataline,G
Natalya,G
Natasha,G
Natassia,G
Nathalia,G
Nathalie,G
Natka,G
Natty,G
Neala,G
Neda,G
Nedda,G
Nedi,G
Neely,G
Neila,G
Neile,G
Neilla,G
Neille,G
Nela,G
Nelia,G
Nelie,G
Nell,G
Nelle,G
Nelli,G
Nellie,G
Nelly,G
Nena,G
Nerissa,G
Nerita,G
Nert,G
Nerta,G
Nerte,G
Nerti,G
Nertie,G
Nerty,G
Nessa,G
Nessi,G
Nessie,G
Nessy,G
Nesta,G
Netta,G
Netti,G
Nettie,G
Nettle,G
Netty,G
Nevsa,G
Neysa,G
Nichol,G
Nichole,G
Nicholle,G
Nicki,G
Nickie,G
Nicky,G
Nicol,G
Nicola,G
Nicole,G
Nicolea,G
Nicolette,G
Nicoli,G
Nicolina,G
Nicoline,G
Nicolle,G
Nidia,G
Nike,G
Niki,G
Nikki,G
Nikkie,G
Nikoletta,G
Nikolia,G
Nil,G
Nina,G
Ninetta,G
Ninette,G
Ninnetta,G
Ninnette,G
Ninon,G
Nisa,G
Nissa,G
Nisse,G
Nissie,G
Nissy,G
Nita,G
Nitin,G
Nixie,G
Noami,G
Noel,G
Noelani,G
Noell,G
Noella,G
Noelle,G
Noellyn,G
Noelyn,G
Noemi,G
Nola,G
Nolana,G
Nolie,G
Nollie,G
Nomi,G
Nona,G
Nonah,G
Noni,G
Nonie,G
Nonna,G
Nonnah,G
Nora,G
Norah,G
Norean,G
Noreen,G
Norene,G
Norina,G
Norine,G
Norma,G
Norri,G
Norrie,G
Norry,G
Nova,G
Novelia,G
Nydia,G
Nyssa,G
Octavia,G
Odele,G
Odelia,G
Odelinda,G
Odella,G
Odelle,G
Odessa,G
Odetta,G
Odette,G
Odilia,G
Odille,G
Ofelia,G
Ofella,G
Ofilia,G
Ola,G
Olenka,G
Olga,G
Olia,G
Olimpia,G
Olive,G
Olivette,G
Olivia,G
Olivie,G
Oliy,G
Ollie,G
Olly,G
Olva,G
Olwen,G
Olympe,G
Olympia,G
Olympie,G
Ondrea,G
Oneida,G
Onida,G
Onlea,G
Oona,G
Opal,G
Opalina,G
Opaline,G
Ophelia,G
Ophelie,G
Oprah,G
Ora,G
Oralee,G
Oralia,G
Oralie,G
Oralla,G
Oralle,G
Orel,G
Orelee,G
Orelia,G
Orelie,G
Orella,G
Orelle,G
Oreste,G
Oriana,G
Orly,G
Orsa,G
Orsola,G
Ortensia,G
Otha,G
Othelia,G
Othella,G
Othilia,G
Othilie,G
Ottilie,G
Pacifica,G
Page,G
Paige,G
Paloma,G
Pam,G
Pamela,G
Pamelina,G
Pamella,G
Pammi,G
Pammie,G
Pammy,G
Pandora,G
Pansie,G
Pansy,G
Paola,G
Paolina,G
Parwane,G
Pat,G
Patience,G
Patrica,G
Patrice,G
Patricia,G
Patrizia,G
Patsy,G
Patti,G
Pattie,G
Patty,G
Paula,G
Paula-Grace,G
Paule,G
Pauletta,G
Paulette,G
Pauli,G
Paulie,G
Paulina,G
Pauline,G
Paulita,G
Pauly,G
Pavia,G
Pavla,G
Pearl,G
Pearla,G
Pearle,G
Pearline,G
Peg,G
Pegeen,G
Peggi,G
Peggie,G
Peggy,G
Pen,G
Penelopa,G
Penelope,G
Penni,G
Pennie,G
Penny,G
Pepi,G
Pepita,G
Peri,G
Peria,G
Perl,G
Perla,G
Perle,G
Perri,G
Perrine,G
Perry,G
Persis,G
Pet,G
Peta,G
Petra,G
Petrina,G
Petronella,G
Petronia,G
Petronilla,G
Petronille,G
Petunia,G
Phaedra,G
Phaidra,G
Phebe,G
Phedra,G
Phelia,G
Phil,G
Philipa,G
Philippa,G
Philippe,G
Philippine,G
Philis,G
Phillida,G
Phillie,G
Phillis,G
Philly,G
Philomena,G
Phoebe,G
Phylis,G
Phyllida,G
Phyllis,G
Phyllys,G
Phylys,G
Pia,G
Pier,G
Pierette,G
Pierrette,G
Pietra,G
Piper,G
Pippa,G
Pippy,G
Polly,G
Pollyanna,G
Pooh,G
Poppy,G
Portia,G
Pris,G
Prisca,G
Priscella,G
Priscilla,G
Prissie,G
Pru,G
Prudence,G
Prudi,G
Prudy,G
Prue,G
Prunella,G
Queada,G
Queenie,G
Quentin,G
Querida,G
Quinn,G
Quinta,G
Quintana,G
Quintilla,G
Quintina,G
Rachael,G
Rachel,G
Rachele,G
Rachelle,G
Rae,G
Raf,G
Rafa,G
Rafaela,G
Rafaelia,G
Rafaelita,G
Ragnhild,G
Rahal,G
Rahel,G
Raina,G
Raine,G
Rakel,G
Ralina,G
Ramona,G
Ramonda,G
Rana,G
Randa,G
Randee,G
Randene,G
Randi,G
Randie,G
Randy,G
Ranee,G
Rani,G
Rania,G
Ranice,G
Ranique,G
Ranna,G
Raphaela,G
Raquel,G
Raquela,G
Rasia,G
Rasla,G
Raven,G
Ray,G
Raychel,G
Raye,G
Rayna,G
Raynell,G
Rayshell,G
Rea,G
Reba,G
Rebbecca,G
Rebe,G
Rebeca,G
Rebecca,G
Rebecka,G
Rebeka,G
Rebekah,G
Rebekkah,G
Ree,G
Reeba,G
Reena,G
Reeta,G
Reeva,G
Regan,G
Reggi,G
Reggie,G
Regina,G
Regine,G
Reiko,G
Reina,G
Reine,G
Remy,G
Rena,G
Renae,G
Renata,G
Renate,G
Rene,G
Renee,G
Renel,G
Renell,G
Renelle,G
Renie,G
Rennie,G
Reta,G
Retha,G
Revkah,G
Rey,G
Reyna,G
Rhea,G
Rheba,G
Rheta,G
Rhetta,G
Rhiamon,G
Rhianna,G
Rhianon,G
Rhoda,G
Rhodia,G
Rhodie,G
Rhody,G
Rhona,G
Rhonda,G
Riane,G
Riannon,G
Rianon,G
Rica,G
Ricca,G
Rici,G
Ricki,G
Rickie,G
Ricky,G
Riki,G
Rikki,G
Rina,G
Risa,G
Rissa,G
Rita,G
Riva,G
Rivalee,G
Rivi,G
Rivkah,G
Rivy,G
Roana,G
Roanna,G
Roanne,G
Robbi,G
Robbie,G
Robbin,G
Robby,G
Robbyn,G
Robena,G
Robenia,G
Roberta,G
Robin,G
Robina,G
Robinet,G
Robinett,G
Robinetta,G
Robinette,G
Robinia,G
Roby,G
Robyn,G
Roch,G
Rochell,G
Rochella,G
Rochelle,G
Rochette,G
Roda,G
Rodi,G
Rodie,G
Rodina,G
Romola,G
Romona,G
Romonda,G
Romy,G
Rona,G
Ronalda,G
Ronda,G
Ronica,G
Ronna,G
Ronni,G
Ronnica,G
Ronnie,G
Ronny,G
Roobbie,G
Rora,G
Rori,G
Rorie,G
Rory,G
Ros,G
Rosa,G
Rosabel,G
Rosabella,G
Rosabelle,G
Rosaleen,G
Rosalia,G
Rosalie,G
Rosalind,G
Rosalinda,G
Rosalinde,G
Rosaline,G
Rosalyn,G
Rosalynd,G
Rosamond,G
Rosamund,G
Rosana,G
Rosanna,G
Rosanne,G
Rosario,G
Rose,G
Roseann,G
Roseanna,G
Roseanne,G
Roselia,G
Roselin,G
Roseline,G
Rosella,G
Roselle,G
Roselyn,G
Rosemaria,G
Rosemarie,G
Rosemary,G
Rosemonde,G
Rosene,G
Rosetta,G
Rosette,G
Roshelle,G
Rosie,G
Rosina,G
Rosita,G
Roslyn,G
Rosmunda,G
Rosy,G
Row,G
Rowe,G
Rowena,G
Roxana,G
Roxane,G
Roxanna,G
Roxanne,G
Roxi,G
Roxie,G
Roxine,G
Roxy,G
Roz,G
Rozalie,G
Rozalin,G
Rozamond,G
Rozanna,G
Rozanne,G
Roze,G
Rozele,G
Rozella,G
Rozelle,G
Rozina,G
Rubetta,G
Rubi,G
Rubia,G
Rubie,G
Rubina,G
Ruby,G
Ruella,G
Ruperta,G
Ruth,G
Ruthann,G
Ruthanne,G
Ruthe,G
Ruthi,G
Ruthie,G
Ruthy,G
Ryann,G
Rycca,G
Saba,G
Sabina,G
Sabine,G
Sabra,G
Sabrina,G
Sacha,G
Sada,G
Sadella,G
Sadie,G
Sal,G
Sallee,G
Salli,G
Sallie,G
Sally,G
Sallyann,G
Sallyanne,G
Salome,G
Sam,G
Samantha,G
Samara,G
Samaria,G
Sammy,G
Samuela,G
Samuella,G
Sande,G
Sandi,G
Sandie,G
Sandra,G
Sandy,G
Sandye,G
Sapphira,G
Sapphire,G
Sara,G
Sara-Ann,G
Saraann,G
Sarah,G
Sarajane,G
Saree,G
Sarena,G
Sarene,G
Sarette,G
Sari,G
Sarina,G
Sarine,G
Sarita,G
Sascha,G
Sasha,G
Sashenka,G
Saudra,G
Saundra,G
Savina,G
Sayre,G
Scarlet,G
Scarlett,G
Scotty,G
Sean,G
Seana,G
Secunda,G
Seka,G
Sela,G
Selena,G
Selene,G
Selestina,G
Selia,G
Selie,G
Selina,G
Selinda,G
Seline,G
Sella,G
Selle,G
Selma,G
Sena,G
Sephira,G
Serena,G
Serene,G
Shaina,G
Shaine,G
Shalna,G
Shalne,G
Shamit,G
Shana,G
Shanda,G
Shandee,G
Shandie,G
Shandra,G
Shandy,G
Shane,G
Shani,G
Shanie,G
Shanna,G
Shannah,G
Shannen,G
Shannon,G
Shanon,G
Shanta,G
Shantee,G
Shara,G
Sharai,G
Shari,G
Sharia,G
Sharie,G
Sharity,G
Sharl,G
Sharla,G
Sharleen,G
Sharlene,G
Sharline,G
Sharna,G
Sharon,G
Sharona,G
Sharra,G
Sharron,G
Sharyl,G
Shaun,G
Shauna,G
Shawn,G
Shawna,G
Shawnee,G
Shay,G
Shayla,G
Shaylah,G
Shaylyn,G
Shaylynn,G
Shayna,G
Shayne,G
Shea,G
Sheba,G
Sheela,G
Sheelagh,G
Sheelah,G
Sheena,G
Sheeree,G
Sheila,G
Sheila-Kathryn,G
Sheilah,G
Sheilakathryn,G
Shel,G
Shela,G
Shelagh,G
Shelba,G
Shelbi,G
Shelby,G
Shelia,G
Shell,G
Shelley,G
Shelli,G
Shellie,G
Shelly,G
Shena,G
Sher,G
Sheree,G
Sheri,G
Sherie,G
Sheril,G
Sherill,G
Sherilyn,G
Sherline,G
Sherri,G
Sherrie,G
Sherry,G
Sherye,G
Sheryl,G
Shilpa,G
Shina,G
Shir,G
Shira,G
Shirah,G
Shirl,G
Shirlee,G
Shirleen,G
Shirlene,G
Shirley,G
Shirline,G
Shoshana,G
Shoshanna,G
Shoshie,G
Siana,G
Sianna,G
Sib,G
Sibbie,G
Sibby,G
Sibeal,G
Sibel,G
Sibella,G
Sibelle,G
Sibilla,G
Sibley,G
Sibyl,G
Sibylla,G
Sibylle,G
Sidoney,G
Sidonia,G
Sidonnie,G
Sigrid,G
Sile,G
Sileas,G
Silva,G
Silvana,G
Silvia,G
Silvie,G
Simona,G
Simone,G
Simonette,G
Simonne,G
Sindee,G
Sinead,G
Siobhan,G
Sioux,G
Siouxie,G
Sisely,G
Sisile,G
Sissie,G
Sissy,G
Sofia,G
Sofie,G
Solange,G
Sondra,G
Sonia,G
Sonja,G
Sonni,G
Sonnie,G
Sonnnie,G
Sonny,G
Sonya,G
Sophey,G
Sophi,G
Sophia,G
Sophie,G
Sophronia,G
Sorcha,G
Sosanna,G
Stace,G
Stacee,G
Stacey,G
Staci,G
Stacia,G
Stacie,G
Stacy,G
Stafani,G
Star,G
Starla,G
Starlene,G
Starlin,G
Starr,G
Stefa,G
Stefania,G
Stefanie,G
Steffane,G
Steffi,G
Steffie,G
Stella,G
Stepha,G
Stephana,G
Stephani,G
Stephanie,G
Stephannie,G
Stephenie,G
Stephi,G
Stephie,G
Stephine,G
Stesha,G
Stevana,G
Stevena,G
Stoddard,G
Storey,G
Storm,G
Stormi,G
Stormie,G
Stormy,G
Sue,G
Sue-elle,G
Suellen,G
Sukey,G
Suki,G
Sula,G
Sunny,G
Sunshine,G
Susan,G
Susana,G
Susanetta,G
Susann,G
Susanna,G
Susannah,G
Susanne,G
Susette,G
Susi,G
Susie,G
Sussi,G
Susy,G
Suzan,G
Suzann,G
Suzanna,G
Suzanne,G
Suzetta,G
Suzette,G
Suzi,G
Suzie,G
Suzy,G
Suzzy,G
Sybil,G
Sybila,G
Sybilla,G
Sybille,G
Sybyl,G
Sydel,G
Sydelle,G
Sydney,G
Sylvia,G
Sylvie,G
Tabatha,G
Tabbatha,G
Tabbi,G
Tabbie,G
Tabbitha,G
Tabby,G
Tabina,G
Tabitha,G
Taffy,G
Talia,G
Tallia,G
Tallie,G
Tally,G
Talya,G
Talyah,G
Tamar,G
Tamara,G
Tamarah,G
Tamarra,G
Tamera,G
Tami,G
Tamiko,G
Tamma,G
Tammara,G
Tammi,G
Tammie,G
Tammy,G
Tamra,G
Tana,G
Tandi,G
Tandie,G
Tandy,G
Tani,G
Tania,G
Tansy,G
Tanya,G
Tara,G
Tarah,G
Tarra,G
Tarrah,G
Taryn,G
Tasha,G
Tasia,G
Tate,G
Tatiana,G
Tatiania,G
Tatum,G
Tawnya,G
Tawsha,G
Teane,G
Ted,G
Tedda,G
Teddi,G
Teddie,G
Teddy,G
Tedi,G
Tedra,G
Teena,G
Tella,G
Teodora,G
Tera,G
Teresa,G
TeresaAnne,G
Terese,G
Teresina,G
Teresita,G
Teressa,G
Teri,G
Teriann,G
Terina,G
Terra,G
Terri,G
Terri-Jo,G
Terrianne,G
Terrie,G
Terry,G
Terrye,G
Tersina,G
Teryl,G
Terza,G
Tess,G
Tessa,G
Tessi,G
Tessie,G
Tessy,G
Thalia,G
Thea,G
Theada,G
Theadora,G
Theda,G
Thekla,G
Thelma,G
Theo,G
Theodora,G
Theodosia,G
Theresa,G
Theresa-Marie,G
Therese,G
Theresina,G
Theresita,G
Theressa,G
Therine,G
Thia,G
Thomasa,G
Thomasin,G
Thomasina,G
Thomasine,G
Tia,G
Tiana,G
Tiena,G
Tierney,G
Tiertza,G
Tiff,G
Tiffani,G
Tiffanie,G
Tiffany,G
Tiffi,G
Tiffie,G
Tiffy,G
Tilda,G
Tildi,G
Tildie,G
Tildy,G
Tillie,G
Tilly,G
Tim,G
Timi,G
Timmi,G
Timmie,G
Timmy,G
Timothea,G
Tina,G
Tine,G
Tiphani,G
Tiphanie,G
Tiphany,G
Tish,G
Tisha,G
Tobe,G
Tobey,G
Tobi,G
Tobie,G
Toby,G
Tobye,G
Toinette,G
Toma,G
Tomasina,G
Tomasine,G
Tomi,G
Tomiko,G
Tommi,G
Tommie,G
Tommy,G
Toni,G
Tonia,G
Tonie,G
Tony,G
Tonya,G
Tootsie,G
Torey,G
Tori,G
Torie,G
Torrie,G
Tory,G
Tova,G
Tove,G
Trace,G
Tracee,G
Tracey,G
Traci,G
Tracie,G
Tracy,G
Trenna,G
Tresa,G
Trescha,G
Tressa,G
Tricia,G
Trina,G
Trish,G
Trisha,G
Trista,G
Trix,G
Trixi,G
Trixie,G
Trixy,G
Truda,G
Trude,G
Trudey,G
Trudi,G
Trudie,G
Trudy,G
Trula,G
Tuesday,G
Twila,G
Twyla,G
Tybi,G
Tybie,G
Tyne,G
Ula,G
Ulla,G
Ulrica,G
Ulrika,G
Ulrike,G
Umeko,G
Una,G
Ursa,G
Ursala,G
Ursola,G
Ursula,G
Ursulina,G
Ursuline,G
Uta,G
Val,G
Valaree,G
Valaria,G
Vale,G
Valeda,G
Valencia,G
Valene,G
Valenka,G
Valentia,G
Valentina,G
Valentine,G
Valera,G
Valeria,G
Valerie,G
Valery,G
Valerye,G
Valida,G
Valina,G
Valli,G
Vallie,G
Vally,G
Valma,G
Valry,G
Van,G
Vanda,G
Vanessa,G
Vania,G
Vanna,G
Vanni,G
Vannie,G
Vanny,G
Vanya,G
Veda,G
Velma,G
Velvet,G
Vena,G
Venita,G
Ventura,G
Venus,G
Vera,G
Veradis,G
Vere,G
Verena,G
Verene,G
Veriee,G
Verile,G
Verina,G
Verine,G
Verla,G
Verna,G
Vernice,G
Veronica,G
Veronika,G
Veronike,G
Veronique,G
Vi,G
Vicki,G
Vickie,G
Vicky,G
Victoria,G
Vida,G
Viki,G
Vikki,G
Vikkie,G
Vikky,G
Vilhelmina,G
Vilma,G
Vin,G
Vina,G
Vinita,G
Vinni,G
Vinnie,G
Vinny,G
Viola,G
Violante,G
Viole,G
Violet,G
Violetta,G
Violette,G
Virgie,G
Virgina,G
Virginia,G
Virginie,G
Vita,G
Vitia,G
Vitoria,G
Vittoria,G
Viv,G
Viva,G
Vivi,G
Vivia,G
Vivian,G
Viviana,G
Vivianna,G
Vivianne,G
Vivie,G
Vivien,G
Viviene,G
Vivienne,G
Viviyan,G
Vivyan,G
Vivyanne,G
Vonni,G
Vonnie,G
Vonny,G
Wallie,G
Wallis,G
Wally,G
Waly,G
Wanda,G
Wandie,G
Wandis,G
Waneta,G
Wenda,G
Wendeline,G
Wendi,G
Wendie,G
Wendy,G
Wenona,G
Wenonah,G
Whitney,G
Wileen,G
Wilhelmina,G
Wilhelmine,G
Wilie,G
Willa,G
Willabella,G
Willamina,G
Willetta,G
Willette,G
Willi,G
Willie,G
Willow,G
Willy,G
Willyt,G
Wilma,G
Wilmette,G
Wilona,G
Wilone,G
Wilow,G
Windy,G
Wini,G
Winifred,G
Winna,G
Winnah,G
Winne,G
Winni,G
Winnie,G
Winnifred,G
Winny,G
Winona,G
Winonah,G
Wren,G
Wrennie,G
Wylma,G
Wynn,G
Wynne,G
Wynnie,G
Wynny,G
Xaviera,G
Xena,G
Xenia,G
Xylia,G
Xylina,G
Yalonda,G
Yehudit,G
Yelena,G
Yetta,G
Yettie,G
Yetty,G
Yevette,G
Yoko,G
Yolanda,G
Yolande,G
Yolane,G
Yolanthe,G
Yonina,G
Yoshi,G
Yoshiko,G
Yovonnda,G
Yvette,G
Yvonne,G
Zabrina,G
Zahara,G
Zandra,G
Zaneta,G
Zara,G
Zarah,G
Zaria,G
Zarla,G
Zea,G
Zelda,G
Zelma,G
Zena,G
Zenia,G
Zia,G
Zilvia,G
Zita,G
Zitella,G
Zoe,G
Zola,G
Zonda,G
Zondra,G
Zonnya,G
Zora,G
Zorah,G
Zorana,G
Zorina,G
Zorine,G
Zsa Zsa,G
Zsazsa,G
Zulema,G
Zuzana,G
